id,title,year,date_published,duration,country,worlwide_gross_income,languages,production_company
tt0012494,"Der müde Tod",2017,2017-06-09,97,Germany,"$ 12156",German,"Decla-Bioscop AG"
tt0038733,"A Matter of Life and Death",2017,2017-12-08,104,UK,"$ 124241","English, French, Russian","The Archers"
tt0060908,"Le roi de coeur",2018,2018-06-08,102,"France, Italy","$ 18130","French, English, German",Fildebroc
tt0069049,"The Other Side of the Wind",2018,2018-11-02,122,"France, Iran, USA",NULL,"English, German","Royal Road Entertainment"
tt0071145,Ankur,2019,2019-01-02,131,India,NULL,Hindi,"Blaze Film Enterprises"
tt0082620,"Kiss Daddy Goodbye",2018,2018-11-23,92,USA,NULL,English,"Pendragon Film"
tt0083907,"The Evil Dead",2018,2018-10-31,85,USA,"$ 2893091",English,"Renaissance Pictures"
tt0085953,"Mo tai",2019,2019-10-22,84,"Hong Kong",NULL,Cantonese,"Lo Wei Motion Picture Company"
tt0095857,Pestonjee,2019,2019-02-22,125,India,NULL,Hindi,"National Film Development Corporation of India (NFDC)"
tt0097268,"Ek Din Achanak",2018,2018-12-30,105,India,NULL,Hindi,"National Film Development Corporation"
tt0100275,"La Telenovela Errante",2018,2018-09-06,80,Chile,"$ 3624",Spanish,Poetastros
tt0116851,Leila,2017,2017-12-06,102,Iran,"$ 8231",Persian,"Farabi Cinema Foundation"
tt0137204,"Joe Finds Grace",2017,2017-04-22,83,Canada,NULL,English,"Bradeway Pictures"
tt0147855,Aashirwad,2019,2019-03-09,146,India,NULL,Hindi,"Film Enterprises"
tt0192669,"Teenage Space Vampires",2018,2018-11-15,90,"Romania, Canada, USA",NULL,English,"Canarom Productions"
tt0235166,"Against All Hope",2017,2017-10-20,90,USA,NULL,English,NULL
tt0278422,Buttleman,2018,2018-01-01,94,USA,NULL,English,"Buttleman Productions LLC"
tt0331314,"Bunyan and Babe",2017,2017-01-12,84,"USA, India","$ 72060",English,"Exodus Film Group"
tt0337383,"Vaikai is Amerikos viesbucio",2017,2017-03-09,88,"Soviet Union",NULL,"Lithuanian, Russian","Lietuvos Kinostudija"
tt0339091,"Gang of Roses",2019,2019-09-20,94,USA,"$ 30497",English,"Sleeping Giant Productions"
tt0339736,"The Evil Within",2017,2017-08-30,98,USA,NULL,English,"Supernova LLC"
tt0347307,"Kaminnyy khrest",2018,2018-10-30,80,"Soviet Union",NULL,Ukrainian,"Dovzhenko Film Studios"
tt0352314,"Ek Hasina Thi",2019,2019-01-02,120,India,NULL,"Hindi, English","Bohra Bros Productions"
tt0360556,"Fahrenheit 451",2018,2018-05-20,100,USA,NULL,English,"HBO Films"
tt0361953,"The Nest of the Cuckoo Birds",2017,2017-10-16,81,USA,NULL,English,"Bert Williams Motion Pictures and Distributor"
tt0365545,"Nappily Ever After",2018,2018-09-21,98,USA,NULL,English,Netflix
tt0385887,"Motherless Brooklyn",2019,2019-11-01,144,USA,"$ 9205026",English,"Class 5 Films"
tt0427543,"A Million Little Pieces",2019,2019-08-30,113,USA,"$ 49710",English,3Blackdot
tt0437086,"Alita: Battle Angel",2019,2019-02-06,122,USA,"$ 404852543","English, Spanish","Twentieth Century Fox"
tt0441881,"Danger Close: The Battle of Long Tan",2019,2019-08-08,118,Australia,"$ 2034844",English,"Deeper Water"
tt0443474,Crazy,2017,2017-01-19,106,USA,NULL,English,"FN Crazy Film LLC"
tt0448115,Shazam!,2019,2019-04-05,132,"USA, Canada","$ 364571656","English, Spanish","Warner Bros."
tt0451201,Sludge,2017,2017-09-19,95,USA,NULL,English,"Xeno Films"
tt0451279,"Wonder Woman",2017,2017-06-01,141,"USA, China, Hong Kong","$ 821847012","English, German, Dutch, French, Spanish, Chinese, Greek, Ancient (to 1453), North American Indian","Warner Bros."
tt0456407,"Fakir of Venice",2019,2019-02-08,87,India,NULL,"English, Hindi","October Films"
tt0460890,"The Only Living Boy in New York",2017,2017-08-11,89,USA,"$ 2550321",English,"Amazon Studios"
tt0490215,Silence,2017,2017-01-01,161,"USA, UK, Taiwan, Japan, Mexico, Italy","$ 23737523","English, Japanese, Latin","SharpSword Films"
tt0491175,Suburbicon,2017,2017-11-24,105,"UK, USA","$ 12751667",English,"Black Bear Pictures"
tt0491203,"Tulip Fever",2018,2018-12-07,105,"UK, USA","$ 8381715",English,"Worldview Entertainment"
tt0493405,CHIPS,2017,2017-03-24,100,USA,"$ 26800152","English, Spanish","Primate Pictures"
tt0493407,"Cook Off!",2017,2017-11-17,98,USA,NULL,English,NULL
tt0498381,Rings,2017,2017-02-03,102,USA,"$ 83080890",English,Macari/Edelstein
tt0499469,Emilio,2017,2017-02-17,102,USA,NULL,"English, Spanish","Emilio Productions"
tt0765465,"The Legend of Secret Pass",2019,2019-01-15,92,USA,NULL,English,"JC2 Animated Entertainment"
tt0800325,"The Dirt",2019,2019-03-22,107,USA,NULL,English,"10th Street Entertainment"
tt0835802,Krystal,2018,2018-04-13,90,USA,"$ 37516",English,"Dorian Media"
tt0837563,"Pet Sematary",2019,2019-04-04,101,"USA, Canada","$ 112399944",English,"Paramount Pictures"
tt0858419,Bolden,2019,2019-05-03,108,USA,NULL,English,"King Bolden"
tt0859635,"Super Troopers 2",2018,2018-06-15,99,USA,"$ 31626386",English,"Votiv Films"
tt0862930,Dukun,2018,2018-04-05,108,Malaysia,NULL,"Hokkien, Malay","Astro Shaw"
tt0915458,"Fast Girl",2017,2017-01-01,95,USA,NULL,English,"Matador Motion Pictures"
tt0926132,"Road to Red",2018,2018-01-01,120,"USA, Portugal",NULL,English,"Worldwide Artists"
tt0972544,"Back Roads",2018,2018-12-07,101,USA,NULL,English,"Upturn Productions"
tt0974015,"Justice League",2017,2017-11-17,120,"USA, Canada, UK","$ 657924295","English, Irish, Russian, Icelandic","Warner Bros."
tt10002654,Pattabhiraman,2019,2019-08-23,139,India,"$ 11760",Malayalam,"Abaam Movies"
tt10006270,Jagtsæson,2019,2019-10-03,92,Denmark,NULL,Danish,"Nordisk Film Production"
tt10008784,Bull,2019,2019-11-11,105,USA,NULL,English,"Bert Marcus Productions"
tt10009434,"Family Obligations",2019,2019-06-06,81,USA,NULL,English,"In the Garage Productions"
tt10012964,"IRIS: A Space Opera by Justice",2019,2019-08-30,63,France,"$ 29080",English,Because
tt10016532,"Ispade Rajavum Idhaya Raniyum",2019,2019-03-14,141,India,"$ 9272",Tamil,"Madhav Media"
tt10017956,"Gone Kesh",2019,2019-03-29,110,India,NULL,Hindi,"DNG Films"
tt10022384,"The Protector",2019,2019-02-28,126,"USA, UK",NULL,English,Passionflix
tt10023080,Nedunalvaadai,2019,2019-03-15,120,India,NULL,Tamil,"B-Star Productions"
tt10034272,"Mukherjee Dar Bou",2019,2019-03-08,127,India,NULL,Bengali,"Windows Production House"
tt10039344,Countdown,2019,2019-10-25,90,USA,"$ 28890249",English,"Boies / Schiller Film Group"
tt10039468,"My Stupid Boss 2",2019,2019-03-28,96,Indonesia,NULL,"Indonesian, Malay, English, Vietnamese","Falcon Pictures"
tt10045434,Kapi,2019,2019-04-12,110,Turkey,"$ 90212",Turkish,"Durak Film"
tt10046236,"Alem-i Cin 2",2019,2019-05-03,93,Turkey,NULL,Turkish,"Film Fabrikasi"
tt10048556,"Staged Killer",2019,2019-06-25,88,USA,NULL,English,"Rented Mule Films"
tt10055770,Vellaipookal,2019,2019-04-19,122,USA,"$ 2349","English, Tamil","Indus Creations"
tt10076106,"Manmadhudu 2",2019,2019-08-09,155,India,"$ 70936",Telugu,"Anandi Art Creations"
tt10076722,"We Are Legends",2019,2019-03-19,108,"Hong Kong","$ 56560",Cantonese,NULL
tt10077998,"Le Miracle du Saint Inconnu",2019,2019-05-15,100,"Morocco, France, Qatar",NULL,Arabic,"Altamar Films"
tt10080924,Sweater,2019,2019-03-29,118,India,NULL,Bengali,"PSS Entertainment"
tt10084190,"Chandigarh amritsar chandigarh",2019,2019-05-24,107,India,"$ 118655",Punjabi,"Leostride Entertainment"
tt10091696,"Dybbuk Box: The Story of Chris Chambers",2019,2019-05-15,60,USA,NULL,English,"Mazz Appeal Films"
tt10097364,"Song wo shang qing yun",2019,2019-08-16,99,China,"$ 4132253",Mandarin,"Bad Rabbit Pictures"
tt10102350,"2 Gisht Mjaltë",2019,2019-03-28,101,Albania,NULL,Albanian,NULL
tt10115562,"Chambre 212",2019,2019-10-09,86,"France, Belgium, Luxembourg","$ 2798530",French,"Les Films Pelléas"
tt10121762,"Uriyadi 2",2019,2019-04-05,119,India,"$ 17027",Tamil,"2D Entertainment"
tt10122038,Chambal,2019,2019-02-22,112,India,NULL,Kannada,"Zee Tv"
tt10122392,Incitement,2019,2019-09-26,123,Israel,NULL,Hebrew,"Metro Communications"
tt10125662,Chhalawa,2019,2019-06-05,117,Pakistan,"$ 35080","Urdu, Punjabi","Showcase Films"
tt10133300,Rakshasudu,2019,2019-08-02,122,India,"$ 4602",Telugu,"A Studios"
tt10140922,Odessa,2019,2019-09-05,130,Russia,"$ 2697027","Russian, Yiddish",Marmot-film
tt10143498,"Mon chien Stupide",2019,2019-10-30,106,"France, Belgium","$ 2953506",French,"Same Player"
tt10145122,"Das perfekte Geheimnis",2019,2019-10-31,111,Germany,"$ 19301303",German,"Constantin Film"
tt10147382,"Wo he wo de zu guo",2019,2019-09-30,154,China,"$ 420105485","Mandarin, Cantonese, English","Alibaba Pictures"
tt10151260,"Welad Rizk 2",2019,2019-08-08,103,Egypt,"$ 1086632","Arabic, English","RAW Entertainment"
tt10152214,"Heer Maan Ja",2019,2019-08-12,146,Pakistan,NULL,"Urdu, Punjabi","Geo Films"
tt10155342,"La femme de mon frère",2019,2019-06-26,117,Canada,"$ 1671969",French,Metafilms
tt10156112,"Hello, Love, Goodbye",2019,2019-07-31,118,Philippines,"$ 1089515","Chinese, Tagalog, Filipino","Star Cinema"
tt10161238,"Geol kapseu",2019,2019-05-09,107,"South Korea","$ 12147170",Korean,"Film Momentum"
tt10182822,Loro,2018,2018-10-18,151,Italy,"$ 35613",Italian,NULL
tt10183616,Yves,2019,2019-06-26,107,France,"$ 375950",French,"Ecce Films"
tt10187686,Thamaasha,2019,2019-06-05,120,India,"$ 218812",Malayalam,"Happy Hours Entertainment"
tt10187766,"Dog Town",2019,2019-06-11,72,USA,NULL,English,NULL
tt10195210,"Yin he bu xi ban",2019,2019-07-18,147,China,"$ 122994583",Mandarin,"Tianjin Chengzi Yingxiang Media"
tt10196142,"Rahman 1400",2019,2019-03-16,111,Iran,NULL,Persian,NULL
tt10199586,Atlantique,2019,2019-10-02,104,"France, Senegal, Belgium","$ 344938","Wolof, French, English",Cinekap
tt10199590,"Les misérables",2019,2019-11-20,102,France,NULL,French,"Srab Films"
tt10199640,Dylda,2019,2019-06-20,130,Russia,"$ 1391695",Russian,"AR Content"
tt10199670,Liberté,2019,2019-09-04,132,"France, Portugal, Spain","$ 39435","French, German, Italian","Idéale Audience"
tt10204366,"Trois jours et une vie",2019,2019-09-18,120,"France, Belgium","$ 697180",French,"Mahi Films"
tt10207850,"Killer in Law",2018,2018-12-18,90,USA,NULL,English,"Fell to Earth Productions"
tt10207954,Kalki,2019,2019-06-28,140,India,NULL,Telugu,"Happy Movies"
tt10208194,"Family Romance, LLC.",2019,2019-10-24,89,USA,NULL,NULL,"Skellig Rock"
tt10208198,"The Gangster, the Cop, the Devil",2019,2019-05-15,109,"South Korea, USA","$ 26104804","Korean, English","B&C Group"
tt10214826,"Agent Sai Srinivasa Athreya",2019,2019-05-31,148,India,"$ 4454",Telugu,"Swadharm Entertainment"
tt10214842,Milliard,2019,2019-04-18,101,Russia,"$ 6472620",Russian,NULL
tt10217550,"Vinci Da",2019,2019-04-12,117,India,NULL,Bengali,"SVF Entertainment"
tt10218664,"Zhong guo ji zhang",2019,2019-09-30,111,China,"$ 407668118","Mandarin, Tibetan, Chinese","Bona Film Group"
tt10218674,"Lie huo ying xiong",2019,2019-08-02,118,China,"$ 238004304",Mandarin,"Bona Film Group"
tt10223546,"Tu mérites un amour",2019,2019-09-11,102,France,"$ 368121",French,"Les Films de la Bonne Mère"
tt10228204,Perdrix,2019,2019-08-14,99,France,"$ 1086757",French,"Domino Films"
tt10237612,"Inseparable Bros",2019,2019-05-01,114,"South Korea","$ 10682665",Korean,NULL
tt10238788,"Monster Island",2019,2019-06-01,89,USA,NULL,English,"The Asylum"
tt10239930,D-Day,2019,2019-09-13,85,USA,NULL,English,"Cinedigm Entertainment Group"
tt10243678,Chopsticks,2019,2019-05-31,100,India,NULL,Hindi,"Viniyard Films"
tt10244760,"Ghost Tropic",2019,2019-07-13,85,"Belgium, Netherlands",NULL,"Dutch, French","10.80 Films"
tt1024855,"Gunned Down",2017,2017-07-17,95,UK,"$ 47737",English,"Impact Entertainment"
tt1025100,"Gemini Man",2019,2019-10-10,117,"USA, China","$ 169317064","English, French","Skydance Media"
tt10253466,Badland,2019,2019-11-01,117,USA,NULL,English,"Papa Octopus Productions"
tt10253816,"Kabaneri of the Iron Fortress: Unato Decisive Battle",2019,2019-05-10,82,Japan,"$ 345066",Japanese,"Wit Studio"
tt10255320,"Deviant Love",2019,2019-09-13,87,USA,NULL,English,"Feifer Worldwide"
tt10263320,"Enes Batur Gerçek Kahraman",2019,2019-05-31,99,Turkey,"$ 1283263",Turkish,"Eren Medya"
tt10272534,"Lux Æterna",2019,2019-05-18,50,France,NULL,French,Vixens
tt10275440,K-13,2019,2019-05-03,103,India,NULL,Tamil,"SP Cinemas"
tt10276554,Beshoot,2019,2019-08-29,120,Ukraine,NULL,"Ukrainian, Russian","Ronk Film"
tt10279010,"Chui lung II",2019,2019-06-06,101,"China, Hong Kong","$ 45733356","Cantonese, Mandarin","Bona Film Group"
tt10280220,"Ghost Writer",2019,2019-06-04,97,Indonesia,NULL,Indonesian,StarVision
tt10295602,"Shi tu xing zhe 2: Die ying xing dong",2019,2019-08-07,98,"Hong Kong, China","$ 99482027","Cantonese, Mandarin",Babieka
tt10298454,"Así habló el cambista",2019,2019-09-26,97,"Uruguay, Argentina, Germany","$ 92576",Spanish,"Oriental Features"
tt10298896,"Over The Moon In Love",2019,2019-10-05,120,Canada,NULL,English,"Johnson Production Group"
tt10303892,"The Outsider",2019,2019-06-14,86,USA,NULL,English,"Single Malt Productions"
tt10305328,"Arctic Apocalypse",2019,2019-09-13,88,USA,NULL,English,Syfy
tt10305616,Malaal,2019,2019-07-05,153,India,"$ 76",Hindi,"Bhansali Productions"
tt10310222,Storozh,2019,2019-06-01,90,Russia,"$ 107129",Russian,"Invada Film"
tt10318332,"Badnaam Gali",2019,2019-05-10,95,India,NULL,Hindi,Zee5
tt10320050,"Aykut Eniste",2019,2019-05-24,115,Turkey,"$ 1393085",Turkish,"BKM Film"
tt10323688,Password,2019,2019-06-05,137,Bangladesh,NULL,Bengali,"Live Technologies"
tt10324144,"Article 15",2019,2019-06-28,130,India,"$ 734514",Hindi,"Benaras Mediaworks"
tt10325070,"Bad Ben: The Way In",2019,2019-05-01,89,USA,NULL,English,"Nigel Bach Productions"
tt10327712,"Lego DC Batman: Family Matters",2019,2019-07-21,72,USA,NULL,English,"Warner Bros. Animation"
tt10327842,Portals,2019,2019-10-25,85,USA,NULL,English,"Bloody Disgusting"
tt10329842,Geroy,2019,2019-09-26,121,Russia,"$ 5626076",Russian,"Kargo Film"
tt10330046,Zaboronenyi,2019,2019-09-05,100,Ukraine,"$ 277969","Ukrainian, Russian, Czech","UM Group"
tt10334602,"Sivappu Manjal Pachai",2019,2019-09-06,140,India,NULL,Tamil,"Abhishek Films"
tt10334624,Aruvam,2019,2019-10-11,128,India,"$ 3263",Tamil,"Trident Arts"
tt10340618,Takatak,2019,2019-06-28,144,India,NULL,Marathi,NULL
tt10341248,"0.0 Mhz",2019,2019-05-29,101,"South Korea","$ 980593",Korean,NULL
tt1034385,"Cold Skin",2017,2017-10-20,108,"Spain, France","$ 737478",English,Babieka
tt1034415,Suspiria,2018,2018-11-16,152,"Italy, USA","$ 7942093","English, German, French, Russian","Frenesy Film Company"
tt10360782,"A1: Accused No. 1",2019,2019-07-26,109,India,"$ 29620",Tamil,"Circle Box Entertainment"
tt10364402,"My Alien Girlfriend",2019,2019-07-15,72,USA,NULL,English,"New Zealand Son Films"
tt10370116,"Oththa Seruppu Size 7",2019,2019-09-20,120,India,NULL,Tamil,"Bioscope Film Framers"
tt10370402,Mossad,2019,2019-06-27,95,Israel,NULL,"Hebrew, English","Daroma Productions"
tt10370434,Runam,2019,2019-04-12,131,India,NULL,Telugu,"Bestwin Production"
tt10370932,Magamuni,2019,2019-09-06,156,India,"$ 65281",Tamil,"Studio Green"
tt10375682,Leberkäsjunkie,2019,2019-08-01,93,Germany,"$ 10057790",German,"Constantin Film"
tt10378798,"The Mummy Rebirth",2019,2019-08-13,80,USA,NULL,English,"Pikchure Zero Entertainment"
tt10380266,"Adutha Chodyam",2019,2019-05-24,112,India,NULL,Malayalam,"AKS Film Studio"
tt10381126,Jackpot,2019,2019-08-02,142,India,"$ 46403",Tamil,"2D Entertainment"
tt10384108,"Chasing Unicorns",2019,2019-09-13,108,Estonia,NULL,English,Tallifornia
tt10384744,"La odisea de los giles",2019,2019-08-15,116,"Argentina, Spain","$ 6230607",Spanish,"K&S Films"
tt10392792,"Shesh Theke Shuru",2019,2019-06-05,140,India,NULL,Bengali,"Jeetz Filmworks"
tt10394822,"Susi Susanti: Love All",2019,2019-10-24,96,Indonesia,NULL,Indonesian,"Buddy Buddy Pictures"
tt10405902,Shibu,2019,2019-07-19,145,India,NULL,Malayalam,"Kaargo Cinemas"
tt10407272,"Deux moi",2019,2019-11-15,110,"France, Belgium","$ 4811281",French,"Ce Qui Me Meut"
tt10409590,Byk,2019,2019-06-10,99,Russia,"$ 282276",Russian,NULL
tt10410520,"Ikkayude Shakadam",2019,2019-06-14,100,India,NULL,Malayalam,"Panda Film House"
tt10411954,"Hometown Killer",2018,2018-12-09,87,USA,NULL,English,"Blue Sky Films"
tt10419266,"BoBoiBoy Movie 2",2019,2019-08-08,120,Malaysia,"$ 56245","Malay, Vietnamese","Animonsta Studios"
tt10431010,Raatchasi,2019,2019-07-05,134,India,"$ 5987",Tamil,"Dream Warrior Pictures"
tt10431500,"Yedinci Kogustaki Mucize",2019,2019-10-11,132,Turkey,"$ 14260629",Turkish,"O3 Turkey Medya"
tt10438658,"Nenjamundu Nermaiyundu Odu Raja",2019,2019-06-14,128,India,"$ 10611",Tamil,"SK productions"
tt10443252,ECCO,2019,2019-08-09,123,USA,"$ 86858",English,"Citadel Film Group"
tt10443808,"The Passage",2019,2019-07-11,150,Egypt,"$ 2628589",Arabic,NULL
tt10444252,Baaji,2019,2019-06-28,132,Pakistan,"$ 17867",Urdu,"Page 33 Films"
tt10452466,"2 Hours Love",2019,2019-09-06,150,India,NULL,Telugu,NULL
tt10495746,"Dua Garis Biru",2019,2019-07-11,113,Indonesia,NULL,Indonesian,StarVision
tt10495912,"Where We Belong",2019,2019-06-20,130,Thailand,NULL,"Thai, English","BNK48 Films"
tt10497826,Kasablanka,2019,2019-06-04,105,Egypt,"$ 3821990",Arabic,NULL
tt10498810,"Annabellum: The Curse of Salem",2019,2019-10-17,76,UK,NULL,English,"Tower Bridge Films"
tt10503934,"The Treasure 2",2019,2019-09-19,150,Egypt,"$ 30961",Arabic,NULL
tt10504752,Janamaithri,2019,2019-07-19,122,India,"$ 16208",Malayalam,"Friday Film House"
tt10504928,"Donbass. Okraina",2019,2019-06-12,96,Russia,"$ 172100",Russian,Interfest
tt10510654,"The Battle: Roar to Victory",2019,2019-08-07,135,"South Korea","$ 34148707",Korean,NULL
tt10514532,"Into the Forest",2019,2019-06-22,67,NULL,NULL,NULL,"DBS Films Orlando"
tt10515086,"The Blue Elephant 2",2019,2019-07-25,130,Egypt,"$ 713957",Arabic,"Synergy Films"
tt10515340,"At the Door",2018,2018-04-06,99,USA,NULL,English,"Quirk Films"
tt10518924,(Nie)znajomi,2019,2019-10-25,103,Poland,"$ 1979437",Polish,Mimikra
tt10519182,"Khandaani Shafakhana",2019,2019-08-02,136,India,"$ 67534",Hindi,"Sundial Productions"
tt10521814,K-12,2019,2019-09-05,96,USA,"$ 359377",English,"Little Ugly"
tt10540024,"Bumi Manusia",2019,2019-08-15,181,Indonesia,NULL,Indonesian,"Falcon Pictures"
tt10545040,"Zuo jia de huang yan: Bi zhong you zui",2019,2019-06-20,90,"Hong Kong","$ 319674",Cantonese,"HMV Digital China Group Limited"
tt10545470,"Au nom de la terre",2019,2019-09-25,103,"France, Belgium","$ 13520630",French,"Nord-Ouest Films"
tt10545484,Evaru,2019,2019-08-15,118,India,"$ 62744",Telugu,"PVP Cinema"
tt10550884,Saja,2019,2019-07-31,129,"South Korea","$ 11799556","Korean, Latin","Lotte Entertainment"
tt10551118,"Zombie Tidal Wave",2019,2019-08-17,86,USA,NULL,English,"Imprint Entertainment"
tt10551420,"Hua jiao zhi wei",2019,2019-09-06,120,China,"$ 1265949",Chinese,"Media Asia Films"
tt10551450,Twivortiare,2019,2019-08-29,103,Indonesia,NULL,Indonesian,"MD Pictures"
tt10551608,"Thanneer Mathan Dhinangal",2019,2019-08-09,136,India,"$ 1103987",Malayalam,"Plan J Studios"
tt10556036,Jiivi,2019,2019-06-28,122,India,NULL,Tamil,"Vetrivel Saravana Cinemas"
tt10579992,"Mister America",2019,2019-10-11,89,USA,"$ 130897",English,"Abso Lutely"
tt10581102,"Return to Horror Hotel",2019,2019-10-15,83,USA,NULL,English,"Horror Hotel"
tt10585038,"Bhoot Chaturdashi",2019,2019-05-17,98,India,NULL,Bengali,"Shree Venkatesh Films"
tt10589914,"Ai-naki Mori de Sakebe",2019,2019-10-11,151,Japan,NULL,Japanese,Netflix
tt10592082,Parineeta,2019,2019-08-30,115,India,NULL,Bengali,"Raj Chakraborty Productions"
tt10592506,Dhunki,2019,2019-07-26,135,India,NULL,Gujarati,NULL
tt10602172,"Shankar Mudi",2019,2019-03-15,110,India,NULL,Bengali,"RP Techvision Private Limited"
tt10604464,"Efsunlu - Kabirden Gelen",2019,2019-07-05,87,Turkey,"$ 145500",Turkish,"Enis Özkan Film"
tt10608842,"Urban Fears",2019,2019-01-01,70,USA,NULL,English,NULL
tt10622790,Primos,2019,2019-05-29,83,Brazil,NULL,Portuguese,"MACA Entretenimento"
tt10623524,"Chal Mera Putt",2019,2019-07-26,124,"India, Pakistan, UK","$ 1415030",Punjabi,"Rhythm Boyz Entertainment"
tt10627720,"Ne Zha zhi mo tong jiang shi",2019,2019-07-26,110,China,"$ 700547754",Mandarin,"Coco Cartoon"
tt10643938,"Love for Sale 2",2019,2019-10-31,92,Indonesia,NULL,Indonesian,"Tony Mulani Films"
tt10648440,Eksiteu,2019,2019-07-31,103,"South Korea","$ 69869487",Korean,"Filmmaker R&K"
tt10651188,"Bornoporichoy: A Grammar Of Death",2019,2019-07-26,122,India,NULL,Bengali,"SVF Entertainment"
tt10656188,"Ratu Ilmu Hitam",2019,2019-11-07,99,Indonesia,NULL,Indonesian,"Rapi Films"
tt10656240,Bebas,2019,2019-10-03,119,Indonesia,NULL,Indonesian,"Miles Films"
tt10658960,"Ecinni: Tilsimli Mezar",2019,2019-07-19,90,Turkey,"$ 72832",Turkish,"Saglam Film"
tt10659288,"Cin: Ask Büyüsü",2019,2019-07-26,80,Turkey,"$ 41158",Turkish,"Trio Pictures"
tt10671436,"Barot House",2019,2019-08-07,89,India,NULL,Hindi,"Dhirajj Walks Of Art"
tt10675136,"Hell House LLC III: Lake of Fire",2019,2019-09-19,85,USA,NULL,English,"Cognetti Films"
tt10675966,"Nenu Lenu",2019,2019-07-26,118,India,NULL,Telugu,NULL
tt10676902,"Parey Hut Love",2019,2019-08-12,139,Pakistan,"$ 67194",Urdu,"The Vision Factory Films"
tt10682000,"Sound & Fury",2019,2019-09-27,41,USA,NULL,NULL,NULL
tt10687168,"Jìyuántái qihào",2019,2019-09-26,125,"Hong Kong, China",NULL,"Cantonese, Mandarin, Shanghainese","Far Sun Film Company Ltd."
tt10695638,Superstar,2019,2019-08-09,135,Pakistan,"$ 47448",Urdu,"Hum Films"
tt10696882,"Khayal Maata",2019,2019-08-08,125,Egypt,"$ 794123",Arabic,NULL
tt10702760,"National Theatre Live: Fleabag",2019,2019-09-12,80,UK,"$ 5508756",NULL,NULL
tt10709404,"Namma Veettu Pillai",2019,2019-09-27,153,India,"$ 275752",Tamil,"Sun Pictures"
tt10711648,Comali,2019,2019-08-15,143,India,"$ 241157",Tamil,"Vels Film International"
tt10715194,"La Grande Classe",2019,2019-08-30,83,France,NULL,French,Netflix
tt10715974,Shindisi,2019,2019-09-05,101,Georgia,NULL,"Georgian, Russian","20 Steps Productions"
tt10726604,"Bad Guys: The Movie",2019,2019-09-11,114,"South Korea","$ 34024386",Korean,NULL
tt10726756,"Pretty Boys",2019,2019-09-19,100,Indonesia,NULL,Indonesian,"Anami Films"
tt1072748,Winchester,2018,2018-02-02,99,"Australia, USA","$ 44019588",English,"Blacklab Entertainment"
tt10731866,Bakrid,2019,2019-08-23,121,India,NULL,Tamil,"M10 Productions"
tt10734928,"Luo Xiao Hei zhan ji",2019,2019-09-07,101,China,"$ 44553752",Mandarin,MTJJ
tt10738914,"Nada a Perder 2",2019,2019-08-15,96,Brazil,"$ 16610713",Portuguese,"Paris Entretenimento"
tt10763618,"Yuyeolui eumagaelbeom",2019,2019-08-28,122,"South Korea","$ 8494414",Korean,NULL
tt10763826,Marshal,2019,2019-09-13,143,India,NULL,Telugu,"AVL Productions"
tt10764458,"Friends 25th: The One With The Anniversary",2019,2019-09-23,105,NULL,"$ 3000137",NULL,NULL
tt10765852,"Metallica & San Francisco Symphony - S&M2",2019,2019-10-09,150,USA,"$ 2705442",English,"Prime Zero Productions"
tt10767168,"La llorona",2019,2019-08-30,97,"Guatemala, France",NULL,Spanish,"El Ministerio de Cultura Y Deportes de Guatamala"
tt10767426,Tekst,2019,2019-10-24,132,Russia,"$ 4956577",Russian,"Central Partnership Productions"
tt10768678,Boy,2019,2019-08-23,129,India,NULL,Telugu,"Viswaraj Creations"
tt10783920,"Dert Bende",2019,2019-10-04,101,Turkey,"$ 13819",Turkish,"Makinist Film"
tt10800758,Byeonshin,2019,2019-08-21,113,"South Korea","$ 12821048",Korean,NULL
tt10805432,Fanxiao,2019,2019-09-20,102,Taiwan,NULL,Mandarin,"1 Production Film"
tt10815982,"Officer Arjun Singh IPS",2019,2019-10-18,120,India,NULL,Hindi,"Shreya Films International"
tt10816510,"P Se Pyaar F Se Faraar",2019,2019-10-18,131,India,NULL,Hindi,"Ok Movies"
tt1082807,"The Belko Experiment",2017,2017-04-21,89,USA,"$ 11084630",English,"Orion Pictures"
tt10834986,Gumnaami,2019,2019-10-02,142,India,NULL,Bengali,"SVF Entertainment"
tt10860558,"Baglilik Asli",2019,2019-09-20,135,Turkey,"$ 17276",Turkish,NULL
tt10864024,Disco,2019,2019-10-04,94,Norway,NULL,"Norwegian, English","Mer Film"
tt10867504,Fan,2019,2019-08-23,145,India,NULL,Kannada,"SLN Cinemas"
tt10869474,Safe,2019,2019-10-18,144,India,NULL,Malayalam,"Epiphany Entertainments"
tt10883272,"Hayya: The Power of Love 2",2019,2019-09-19,101,Indonesia,NULL,Indonesian,"Warna Pictures"
tt10883506,"A Sun",2019,2019-11-01,156,Taiwan,NULL,Mandarin,"3 Ng Film"
tt10885124,"Meeku Maathrame Chepta",2019,2019-11-01,120,India,"$ 6409",Telugu,"Global Cinemas"
tt10895780,"Rama Chakkani Seetha",2019,2019-09-27,126,India,NULL,Telugu,"Crocodile Creations"
tt10895830,Sixer,2019,2019-08-30,141,India,NULL,Tamil,"Trident Arts"
tt10901588,"The Brighton Miracle",2019,2019-09-11,82,Australia,NULL,English,"Eastpool Films"
tt10914342,Kirket,2019,2019-10-18,132,India,NULL,Hindi,"A square productions"
tt10927122,"Killer Sofa",2019,2019-10-01,81,"New Zealand",NULL,English,"Mad Kiwi Films"
tt10944714,Chanakya,2019,2019-10-05,147,India,NULL,Telugu,"AK Entertainments"
tt10958282,Banlieusards,2019,2019-10-12,96,France,NULL,French,NULL
tt10975452,"Raju Gari Gadhi 3",2019,2019-10-18,122,India,NULL,Telugu,"Oak Entertainments"
tt10984586,Shapludu,2019,2019-09-27,139,Bangladesh,NULL,Bengali,"Bengal Multimedia"
tt11006522,"Rayalaseema Love Story",2019,2019-09-27,154,India,NULL,Telugu,"A1 Entertainments Movies"
tt11020466,"Vanamehe film",2019,2019-09-24,88,Estonia,NULL,Estonian,"Apollo Film Productions"
tt11027104,"Texas 2",2019,2019-04-17,99,Iran,NULL,"Persian, English, Portuguese",NULL
tt11041136,Sestra,2019,2019-09-24,97,"Bulgaria, Qatar",NULL,Bulgarian,"Doha Film Institute"
tt11041754,"Pats Sau Milijonierius",2019,2019-11-22,90,Lithuania,"$ 1138787",Lithuanian,NULL
tt11046300,"Ujda Chaman",2019,2019-11-01,120,India,"$ 79728",Hindi,"Panorama Studios"
tt11062388,"Slayer: The Repentless Killogy",2019,2019-11-06,131,NULL,"$ 268727",NULL,NULL
tt11066130,Upstarts,2019,2019-10-18,112,India,NULL,Hindi,"Bandra West Pictures"
tt11110904,Þorsti,2019,2019-10-25,90,Iceland,"$ 32679",Icelandic,"Fenrir Films"
tt11134856,"Chhappad Phaad Ke",2019,2019-10-18,90,India,NULL,Hindi,"Saregama India"
tt11163028,"House Arrest",2019,2019-11-15,104,India,NULL,Hindi,"India Stories"
tt11238648,"We Are All Together",2019,2019-06-05,96,Iran,NULL,Persian,NULL
tt1127881,Farming,2019,2019-10-11,101,UK,"$ 54750",English,"Groundswell Productions"
tt1131724,2:22,2017,2017-06-30,98,"Australia, USA","$ 3945729",English,"Lightstream Entertainment"
tt1131728,"Basmati Blues",2018,2018-02-09,106,USA,"$ 15605",English,"Basmati Blues"
tt1134664,"Boogie Woogie",2017,2017-09-29,94,UK,"$ 47527",English,"The Works International"
tt1137450,"Death Wish",2018,2018-04-06,107,"USA, Canada","$ 49562710","English, Spanish","Cave 76"
tt1139592,"Jeepers Creepers 3",2017,2017-11-02,100,USA,"$ 4017852",English,"Infinity Films"
tt1148205,"The Bronx Bull",2017,2017-01-06,94,USA,NULL,English,"Sunset Pictures"
tt1158939,"Never Grow Old",2019,2019-08-07,100,"Ireland, Belgium, France, Luxembourg, UK","$ 106796","English, Italian","Ripple World Pictures"
tt1183352,"Ana y Bruno",2018,2018-08-31,96,Mexico,"$ 976967","English, Spanish","Anima Estudios"
tt1194238,Polytechnique,2017,2017-01-14,77,Canada,NULL,French,"Remstar Media Partners"
tt1194606,Murder.com,2018,2018-05-24,85,Germany,"$ 2070",English,NULL
tt1206885,"Rambo: Last Blood",2019,2019-09-19,89,"USA, Spain, Bulgaria","$ 86973222","English, Spanish",Lionsgate
tt1212428,"The Lost City of Z",2017,2017-03-24,141,USA,"$ 19263938","English, Portuguese, Tupi, Spanish, German","Keep Your Head"
tt1213641,"First Man",2018,2018-10-12,141,"USA, Japan","$ 105697415",English,"Universal Pictures"
tt1219827,"Ghost in the Shell",2017,2017-03-30,107,"USA, India, Hong Kong, China, UK","$ 169801921","English, Japanese","Paramount Pictures"
tt1225856,Retina,2017,2017-01-01,87,USA,"$ 41280",English,"CGF Films"
tt1226837,"Beautiful Boy",2019,2019-01-18,120,USA,"$ 16540848",English,"Amazon Studios"
tt1227927,"Caller ID",2018,2018-01-15,98,USA,NULL,English,"Master Cylinder Media"
tt1230168,"Same Kind of Different as Me",2017,2017-10-20,119,USA,"$ 6423605",English,"Disruption Entertainment"
tt1235187,"Where Hands Touch",2019,2019-05-10,122,UK,"$ 128269",English,"British Film Company"
tt1241317,"Death Note",2017,2017-08-25,101,USA,NULL,"English, Japanese, Spanish",Netflix
tt1249439,"I See You",2019,2019-02-12,78,USA,NULL,English,NULL
tt1253859,"Road to Hell",2017,2017-01-27,87,USA,NULL,English,"Curnan Motion Picture Services (CMPS )"
tt1255919,"Holmes & Watson",2018,2018-12-26,90,"USA, Canada","$ 40466970",English,"Columbia Pictures"
tt1259528,"Den of Thieves",2018,2018-02-02,140,USA,"$ 80509622","Spanish, English, Polynesian","Atmosphere Entertainment MM"
tt1270797,Venom,2018,2018-10-03,112,"China, USA","$ 856085151","English, Mandarin, Malay","Avi Arad Productions"
tt1272016,Grazuole,2018,2018-08-22,71,"Soviet Union",NULL,"Lithuanian, Russian","Lietuvos Kinostudija"
tt1273221,"London Fields",2018,2018-10-26,118,"UK, USA","$ 487420",English,"Muse Productions"
tt1281966,"SEAL Team VI",2017,2017-01-12,99,USA,NULL,English,"Four Minute Mile Productions"
tt1285009,"The Strangers: Prey at Night",2018,2018-05-04,85,"UK, USA","$ 31039126",English,"Aviron Pictures"
tt1286146,"The Eagle Path",2017,2017-01-01,108,"Thailand, Hong Kong, USA",NULL,English,"Full Love Productions"
tt1288367,"Operation Belvis Bash",2018,2018-01-22,85,USA,NULL,English,"Vitalia Productions"
tt1289403,"The Guernsey Literary and Potato Peel Pie Society",2018,2018-04-20,124,"UK, France, USA","$ 23148937","English, German, French","Amazon Prime Video"
tt1291566,"Sidney Hall",2018,2018-03-02,119,USA,NULL,English,"Super Crispy Entertainment"
tt1293847,"xXx: Return of Xander Cage",2017,2017-01-19,107,"China, Canada, USA","$ 346118277","English, Spanish, Portuguese, Mandarin, Tagalog, Russian","Huahua Media"
tt1298644,"The Hustle",2019,2019-05-10,93,USA,"$ 95017038","English, German, Dutch, Danish, French, Sign Languages","Metro-Goldwyn-Mayer (MGM)"
tt1301178,Passion,2019,2019-05-15,115,Japan,NULL,Japanese,NULL
tt1302006,"The Irishman",2019,2019-11-27,209,USA,NULL,"English, Italian, Latin","Fábrica de Cine"
tt1308728,"The Happytime Murders",2018,2018-08-27,91,"USA, China","$ 27506452",English,"STX Entertainment"
tt1318517,"The Man Who Killed Don Quixote",2018,2018-05-19,132,"Spain, Belgium, France, UK, Portugal","$ 2301430","English, Spanish","Alacran Pictures"
tt1330018,"The Devil and the Deep Blue Sea",2017,2017-10-20,106,USA,NULL,English,"The Darwin Collective"
tt1334514,"Au Pair, Kansas",2018,2018-06-09,95,USA,NULL,English,"Au Pair, KS"
tt1338635,"Locked Away",2017,2017-09-01,98,USA,NULL,English,"Say Hello Productions"
tt1362141,"The Honey Killer",2018,2018-04-01,90,UK,NULL,English,"Razor Films"
tt1365519,"Tomb Raider",2018,2018-03-14,119,"UK, USA","$ 274650803","English, Cantonese, Hindi","Metro-Goldwyn-Mayer (MGM)"
tt1366338,Lowriders,2017,2017-04-28,98,USA,"$ 6312033",English,"Blumhouse Productions"
tt1380151,"Blood Honey",2017,2017-09-01,95,Canada,NULL,English,"Lumanity Productions"
tt1386583,"Infection: The Invasion Begins",2019,2019-07-11,95,USA,NULL,English,NULL
tt1386691,"Shimmer Lake",2017,2017-06-09,83,"Canada, USA",NULL,English,"Footprint Features"
tt1389072,Downsizing,2018,2018-01-24,135,"USA, Norway","$ 55003890","English, Spanish, Norwegian, French, Korean, Greek, Vietnamese","Paramount Pictures"
tt1389098,Mapplethorpe,2018,2018-04-22,102,USA,"$ 91002",English,"Boston Diva Productions"
tt1396484,It,2017,2017-09-08,135,"USA, Canada","$ 700449318",English,"New Line Cinema"
tt1401621,"A Boy Called Po",2017,2017-09-01,95,USA,"$ 4550",English,"Commonwealth Film Manufacturing"
tt1412528,"Table 19",2017,2017-04-07,87,USA,"$ 5042014",English,"3311 Productions"
tt1413492,"12 Strong",2018,2018-01-26,130,USA,"$ 67450815","English, Dari, Russian, Spanish, Uzbek","Alcon Entertainment"
tt1431347,Zadboom,2017,2017-08-09,111,Iran,NULL,"Persian, German, English","Farabi Cinema Foundation"
tt1454700,Truth,2017,2017-11-28,80,USA,NULL,English,"Victory of the People Productions"
tt1458169,Kidnap,2017,2017-08-04,95,USA,"$ 34814102",English,"Di Bonaventura Pictures"
tt1464763,Mute,2018,2018-02-23,126,"UK, Germany",NULL,"English, German","Liberty Films UK"
tt1469304,Baywatch,2017,2017-05-29,116,"UK, China, USA","$ 177856751","English, Spanish","Paramount Pictures"
tt1477834,Aquaman,2018,2018-12-12,143,"USA, Australia","$ 1148161807","English, Russian, Maori, Italian","DC Comics"
tt1478839,"The Art of Racing in the Rain",2019,2019-08-09,109,USA,"$ 33766787","English, Italian","Fox 2000 Pictures"
tt1485796,"The Greatest Showman",2017,2017-12-26,105,USA,"$ 434993183",English,"Chernin Entertainment"
tt1488606,"Triple Frontier",2019,2019-03-13,125,USA,NULL,"English, Spanish, Portuguese","Acquire Talent Agency"
tt1489887,Booksmart,2019,2019-05-27,102,USA,"$ 24624917","English, Mandarin, Spanish","Annapurna Pictures"
tt1492705,"All I Wish",2018,2018-03-30,94,USA,"$ 197734",English,"ETA Films"
tt1502407,Halloween,2018,2018-10-19,106,USA,"$ 255485178",English,"Blumhouse Productions"
tt1507002,Stano,2019,2019-07-19,111,USA,"$ 2049",English,"Off the Chart Entertainment"
tt1507571,"The Tribes of Palos Verdes",2017,2017-12-01,104,USA,"$ 11603",English,"Relativity Media"
tt1517451,"A Star Is Born",2018,2018-10-03,136,USA,"$ 434888866",English,"Warner Bros. Pictures"
tt1517471,Dough,2017,2017-06-02,94,"UK, Hungary","$ 1647429",English,"Docler Entertainment"
tt1525916,"Ihmisen osa",2018,2018-12-21,107,"Finland, Denmark",NULL,Finnish,"Smile Entertainment"
tt1536537,"What Happened to Monday",2017,2017-08-18,123,"UK, France, Belgium","$ 27975429",English,"Vendome Pictures"
tt1542484,Knots,2019,2019-03-22,77,USA,NULL,English,"Island Film Group"
tt1544608,"Voice from the Stone",2017,2017-04-28,94,"USA, Italy","$ 87273","English, Italian","Zanuck Independent"
tt1553659,Breath,2018,2018-05-03,115,Australia,"$ 3322479",English,"Gran Via Productions"
tt1558259,"Simple Creature",2017,2017-07-25,92,USA,"$ 23918",English,"Old Loyal Films"
tt1560220,"Zombieland: Double Tap",2019,2019-10-18,99,"USA, Canada","$ 103446042",English,"2.0 Entertainment"
tt1563742,Overboard,2018,2018-05-04,112,USA,"$ 91244913","English, Norwegian, Spanish, French","Pantelion Films"
tt1564777,Fallen,2017,2017-03-10,91,"UK, Hungary","$ 2578927",English,"Apex Entertainment"
tt1571234,"Mortal Engines",2018,2018-12-08,128,"USA, New Zealand","$ 83672673",English,"Media Rights Capital (MRC)"
tt1590193,"The Commuter",2018,2018-01-19,105,"France, USA","$ 119942387","English, Spanish",StudioCanal
tt1604064,"Zombie Beach",2017,2017-02-21,71,Canada,NULL,English,"Asopa Films Incorporation"
tt1604560,"Clinton Road",2019,2019-06-14,77,NULL,"$ 50400",English,"Growing Tree Productions"
tt1610525,"The Bleeder",2017,2017-05-05,98,USA,"$ 502518",English,"Millennium Films"
tt1615160,"The Foreigner",2017,2017-09-30,113,"UK, China, USA","$ 145374099","English, Mandarin","STX Entertainment"
tt1618434,"Murder Mystery",2019,2019-06-14,97,USA,NULL,"English, French","Vinson Films"
tt1619029,Jackie,2017,2017-01-20,100,"USA, France, Chile, China, Germany, UK","$ 24270399","English, Spanish","Fox Searchlight Pictures"
tt1620680,"A Wrinkle in Time",2018,2018-03-23,109,USA,"$ 132675864",English,Legend3D
tt1620981,"The Addams Family",2019,2019-10-25,86,"Canada, USA","$ 157050241",English,"Metro-Goldwyn-Mayer (MGM)"
tt1633217,"La mélodie",2017,2017-11-08,102,France,"$ 957355",French,"Mizar Films"
tt1640605,"Scary Story Slumber Party",2017,2017-01-17,76,USA,NULL,English,"Psychokillers Films"
tt1646972,Jasmine,2017,2017-05-12,80,"USA, Hong Kong","$ 24248",English,"Shanghai Street Films"
tt1648190,"The Dark Tower",2017,2017-08-18,95,USA,"$ 113231078",English,"Columbia Pictures"
tt1650060,"SGT. Will Gardner",2019,2019-01-11,125,USA,"$ 4405",English,"Mona Vista Productions"
tt1650535,"The Entitled",2017,2017-07-08,91,Canada,NULL,English,"South Creek Pictures"
tt1653665,"Goodbye Christopher Robin",2017,2017-09-29,107,UK,"$ 7401949",English,"DJ Films"
tt1661275,"Their Finest",2017,2017-04-21,117,"UK, Sweden","$ 12597262","English, Hungarian, Polish, French","BBC Films"
tt1663222,"Dead Sea",2017,2017-11-04,90,USA,NULL,English,"Dead Sea Films"
tt1666185,"All Eyez on Me",2017,2017-06-30,139,USA,"$ 55668698",English,"Morgan Creek Entertainment"
tt1666187,"Alligator X",2018,2018-11-13,90,USA,NULL,English,"K2 Pictures (II)"
tt1667321,"On Chesil Beach",2018,2018-05-18,110,UK,"$ 3335913",English,"BBC Films"
tt1667354,"The Painted Bird",2019,2019-09-12,169,"Czech Republic, Slovakia, Ukraine","$ 573850","Czech, German, Russian, Latin",PubRes
tt1674768,"An American in Texas",2017,2017-10-13,97,"USA, Poland, Norway",NULL,English,"Film Exchange"
tt1677720,"Ready Player One",2018,2018-03-28,140,"USA, India","$ 582890172",English,"Warner Bros."
tt1680140,"The Stolen",2017,2017-11-23,98,"UK, Germany, United Arab Emirates, New Zealand","$ 27741","Chinese, English, Maori, French","Cork Films"
tt1682886,"Been So Long",2018,2018-10-26,100,NULL,NULL,NULL,"BFI Film Fund"
tt1690967,"Come Sunday",2018,2018-04-13,106,USA,NULL,English,"Endgame Entertainment"
tt1691916,"Before I Fall",2017,2017-03-03,98,USA,"$ 16373843",English,"Awesomeness Films"
tt1691924,"Blood Redd",2017,2017-03-10,90,USA,NULL,English,"Clockwork Mind Pictures"
tt1698655,Souleater,2017,2017-01-17,86,USA,NULL,English,"Centurion Cinema Company LLC"
tt1699518,"Le jeune Karl Marx",2017,2017-03-02,118,"France, Belgium, Germany","$ 4870373","German, French, English","Agat Films & Cie"
tt1712192,"Message from the King",2017,2017-05-10,102,"UK, France, Belgium, USA","$ 315132","English, Armenian","Backup Media"
tt1715751,"Chambers Gate",2017,2017-02-15,81,Canada,NULL,English,"Asopa Films Incorporation"
tt1718924,"A Family Man",2017,2017-07-28,108,"Canada, USA","$ 1641235",English,G-BASE
tt1718998,"3 Times a Charm",2017,2017-06-11,87,USA,NULL,English,"DAVED Productions"
tt1720035,"59 Seconds",2018,2018-02-27,95,USA,NULL,English,"Benediction Productions"
tt1720621,Trafficked,2017,2017-10-06,104,USA,"$ 19698",English,"Habitat Media Group"
tt1724970,"Beyond Skyline",2017,2017-01-01,106,"UK, China, Canada, Indonesia, Singapore, USA","$ 992181","English, Indonesian","Beyond The Mothership"
tt1727396,"Bai lu yuan",2017,2017-04-16,45,China,NULL,Chinese,"Bai Lu Yuan Film Company"
tt1727497,"Het Tweede Gelaat",2017,2017-10-25,127,Belgium,NULL,Dutch,"Eyeworks Film & TV Drama"
tt1727824,"Bohemian Rhapsody",2018,2018-10-24,134,"UK, USA","$ 903655259",English,"GK Films"
tt1734493,Unlocked,2017,2017-05-05,98,"Czech Republic, Switzerland, UK, USA","$ 4699125","English, Arabic, German",Bloom
tt1736046,"The Mitchell Tapes",2017,2017-09-29,84,USA,NULL,English,"Nikkso Productions"
tt1740683,Mesteren,2017,2017-03-02,94,"Denmark, Norway, Czech Republic","$ 8184","Danish, Norwegian","Nimbus Film Productions"
tt1748051,Identical,2017,2017-03-21,80,USA,NULL,English,"Land Of The Free"
tt1753786,"Mercury Plains",2017,2017-02-23,102,USA,NULL,"English, Spanish","Number 5 Films"
tt1754316,"Art of Deception",2019,2019-01-22,90,USA,NULL,English,"Ox Films"
tt1757831,"Paranormal Whacktivity",2018,2018-07-03,89,USA,NULL,English,"Ascension Media"
tt1758810,"The Snowman",2017,2017-10-13,119,"UK, USA, China, Sweden, Japan","$ 43084060","English, Russian","Universal Pictures"
tt1759744,"Charlie Says",2019,2019-05-17,110,USA,"$ 98240",English,"Epic Level Entertainment"
tt1773753,Mara,2018,2018-09-07,98,USA,"$ 661769",English,"Moon River Studios"
tt1774591,"Teenage Cocktail",2017,2017-01-15,88,USA,NULL,English,"Backup Media"
tt1776097,"The Haunting of Borley Rectory",2019,2019-02-25,92,UK,NULL,English,"Greenway Entertainment"
tt1780790,"Catskill Park",2018,2018-11-27,93,USA,NULL,NULL,"Pipeline Entertainment (II)"
tt1780967,Seberg,2019,2019-12-13,96,"UK, USA",NULL,"English, French","Phreaker Films"
tt1781058,Wilson,2017,2017-03-24,94,USA,"$ 848646",English,"Ad Hominem Enterprises"
tt1785288,"An Ordinary Man",2018,2018-04-13,90,"Serbia, USA",NULL,English,"Enderby Entertainment"
tt1785635,"The Vault",2017,2017-09-01,91,USA,"$ 346729",English,"Redwire Pictures"
tt1790809,"Pirates of the Caribbean: Dead Men Tell No Tales",2017,2017-05-25,129,USA,"$ 794861794","English, Spanish","Walt Disney Pictures"
tt1791611,"Spreading Darkness",2017,2017-11-14,101,USA,NULL,English,"Black Elephant Productions"
tt1791687,Without,2017,2017-10-01,88,USA,NULL,English,"Industry Standard Films"
tt1799516,Benji,2018,2018-03-16,87,"United Arab Emirates, USA","$ 585333",English,"Blumhouse Productions"
tt1800302,Gold,2017,2017-02-03,120,USA,"$ 14880939","English, Indonesian","Black Bear Pictures"
tt1801552,Gotti,2018,2018-06-14,112,"Canada, USA","$ 6412349",English,"Emmett/Furla/Oasis Films (EFO Films)"
tt1806913,"Golmaal Again",2017,2017-10-20,140,India,"$ 2057329",Hindi,"Mangal Murti Films"
tt1824932,"Canción sin nombre",2019,2019-05-16,97,"Peru, Spain, USA, Chile",NULL,"Quechua, Spanish","La Vida Misma Films"
tt1825683,"Black Panther",2018,2018-02-13,134,USA,"$ 1346913161","English, Swahili, Nama, Xhosa, Korean","Marvel Studios"
tt1826956,"Operation Ragnarök",2018,2018-12-07,99,Sweden,NULL,"Swedish, Persian","Kruthuset AB"
tt1833116,"The Informer",2019,2019-08-30,113,UK,"$ 1624930",English,thefyzz
tt1837636,"Queen of the Desert",2017,2017-04-14,128,"USA, Morocco","$ 1592853","English, Arabic, Turkish, French","Benaroya Pictures"
tt1841642,Demonic,2017,2017-10-10,83,USA,"$ 3387774",English,"Dimension Films"
tt1843303,"The VelociPastor",2018,2018-08-31,75,"USA, China",NULL,"English, Cantonese, Mandarin, Korean","Cyfuno Ventures"
tt1846589,"Hunter Killer",2018,2018-10-19,122,"UK, China, USA","$ 31672678","English, Russian","Hunter Killer Productions"
tt1854582,"The Helpers",2019,2019-05-17,81,USA,NULL,English,"Footage Films"
tt1855282,Soog,2017,2017-07-01,85,Iran,NULL,Persian,NULL
tt1856101,"Blade Runner 2049",2017,2017-10-05,164,"USA, UK, Hungary, Canada, Spain","$ 260512487","English, Finnish, Japanese, Hungarian, Russian, Somali, Spanish","Alcon Entertainment"
tt1859476,"No somos animales",2017,2017-01-01,90,"USA, Argentina","$ 1902","English, Spanish","New Crime Productions"
tt1860242,"The Highwaymen",2019,2019-03-29,132,USA,NULL,English,"Casey Silver Productions"
tt1863293,Khibula,2017,2017-11-15,97,"Georgia, France, Germany",NULL,"Georgian, Russian",42film
tt1869347,"Crooked House",2017,2017-11-21,115,"UK, USA","$ 3682156",English,"Stage 6 Films"
tt1869491,Insomnium,2019,2019-06-18,81,USA,NULL,English,NULL
tt1880399,Kodachrome,2018,2018-04-20,105,"Canada, USA","$ 70149",English,"21 Laps Entertainment"
tt1880415,Battlecreek,2017,2017-11-03,97,USA,NULL,English,"Maindiner Music & Film"
tt1881109,Zeroville,2019,2019-09-20,96,USA,"$ 69396",English,"Patriot Pictures"
tt1884378,"7 Splinters in Time",2018,2018-03-03,75,USA,NULL,English,"Intrinsic Value Films"
tt1895315,Brimstone,2017,2017-09-29,148,"Netherlands, France, Germany, Belgium, Sweden, UK, USA","$ 2140941","English, Dutch","N279 Entertainment"
tt1901024,"True Crimes",2018,2018-05-18,92,"UK, Poland, USA","$ 25396",English,"Saban Films"
tt1922544,"All These Small Moments",2018,2018-04-24,100,USA,NULL,NULL,"Jemstone Productions"
tt1928334,"All Out Dysfunktion!",2017,2017-01-04,85,USA,NULL,English,"Exertion Films"
tt1934452,Realms,2019,2019-07-26,90,USA,"$ 15419",NULL,"DNF Pictures"
tt1935089,Blind,2017,2017-08-24,98,USA,"$ 98280",English,"Michael Mailer Films"
tt1935194,Overdrive,2017,2017-08-09,93,"France, Belgium, USA","$ 9650552","English, French","Overdrive Productions"
tt1935897,"Amityville: The Awakening",2017,2017-10-12,85,USA,"$ 7701908",English,"Dimension Films"
tt1937340,"Beyond Paradise",2018,2018-01-05,101,USA,NULL,English,"Newroz Films"
tt1946502,UglyDolls,2019,2019-08-16,87,"China, Canada, USA","$ 32450241",English,"STX Entertainment"
tt1950186,"Ford v Ferrari",2019,2019-11-15,152,"USA, France","$ 10941000","English, Italian, French, Japanese","Chernin Entertainment"
tt1950235,"Let It Snow",2019,2019-11-08,92,USA,NULL,English,"Dylan Clark Productions"
tt1961175,"American Assassin",2017,2017-09-14,112,USA,"$ 67234188","English, Spanish, Arabic, Polish, Turkish, Russian, Italian, Persian","CBS Films"
tt1966359,"Father Figures",2018,2018-02-16,113,USA,"$ 25601244",English,"Alcon Entertainment"
tt1966385,"City of Tiny Lights",2017,2017-04-07,110,UK,"$ 54903",English,"BBC Films"
tt1967614,"The Comedian",2017,2017-02-03,120,USA,"$ 1659002",English,"Cinelou Films"
tt1971310,"5 Weddings",2018,2018-10-26,90,"USA, India, Canada","$ 26980",English,"UniGlobe Entertainment"
tt1972591,"King Arthur: Legend of the Sword",2017,2017-05-19,126,"UK, USA","$ 148675066",English,"Warner Bros."
tt1977094,"Beyond White Space",2018,2018-12-14,93,"USA, Hungary",NULL,English,"Spoke Lane Entertainment"
tt1979376,"Toy Story 4",2019,2019-06-21,100,USA,"$ 1073168585",English,"Pixar Animation Studios"
tt1981128,Geostorm,2017,2017-10-20,109,USA,"$ 221600160","English, Cantonese, Russian, Hindi, Spanish","Warner Bros."
tt1986202,Whispers,2018,2018-08-13,90,UK,NULL,English,"Tower Bridge Films"
tt1987680,"The Upside",2019,2019-01-11,126,USA,"$ 122752517","English, German, Italian","Escape Artists"
tt1995458,"The Bang Bang Brokers",2017,2017-04-11,87,USA,NULL,English,"Brooklyn Reptyle Films"
tt1999890,"Hell Fest",2018,2018-11-16,89,USA,"$ 18159691",English,"Tucker Tooley Entertainment"
tt1999995,"Would You Rather",2019,2019-06-06,93,USA,NULL,English,"Periscope Entertainment"
tt2002742,"Nobel Chor",2017,2017-07-28,100,India,NULL,Bengali,"Impact Films"
tt2011223,"Scenes from a Gay Marriage",2017,2017-06-01,83,USA,NULL,English,"Bring Chase Productions"
tt2011311,"The Outsider",2018,2018-03-09,120,USA,"$ 1869","English, Japanese","Linson Entertainment"
tt2018069,"Our House",2018,2018-07-27,90,"Canada, Germany, USA","$ 24039",English,"Prospero Pictures"
tt2018111,"And Then I Go",2018,2018-04-17,99,USA,NULL,English,"Two Flints"
tt2024521,"My Name Is Lenny",2017,2017-06-09,91,UK,"$ 435",English,"Salon Pictures"
tt2034176,Redcon-1,2018,2018-09-28,115,UK,"$ 208902",English,"Apocalypse Pictures"
tt2034800,"The Great Wall",2017,2017-02-17,103,"USA, China, Hong Kong, Australia, Canada","$ 334933831","English, Mandarin, Spanish","Legendary East"
tt2039338,Flatliners,2017,2017-09-29,109,"USA, Canada","$ 45158254",English,"Columbia Pictures"
tt2039380,"Star Raiders: The Adventures of Saber Raine",2017,2017-05-08,83,USA,"$ 260234",NULL,"Fusion Factory Films"
tt2039412,"Never Here",2017,2017-10-20,110,USA,NULL,English,"Before The Door Pictures"
tt2042692,"The Unseen",2017,2017-12-15,108,UK,NULL,English,"Magnet Films"
tt2049518,"Sanctuary; Quite a Conundrum",2019,2019-06-01,82,USA,NULL,English,"Gold Lion Films"
tt2050452,"Pedro e Inês",2018,2018-10-18,120,"Portugal, France, Brazil","$ 213256",Portuguese,"Persona Non Grata Pictures"
tt2051850,Counterpunch,2019,2019-08-02,97,USA,NULL,"English, Spanish",LM
tt2062700,"Song to Song",2017,2017-03-17,129,USA,"$ 1848459",English,"Buckeye Pictures"
tt2066051,Rocketman,2019,2019-05-22,121,"UK, USA, Canada","$ 195179299",English,"Paramount Pictures"
tt2069797,Delirium,2018,2018-05-22,96,USA,NULL,English,"Appian Way"
tt2072233,Sleepless,2017,2017-05-05,95,USA,"$ 32917353",English,"FilmNation Entertainment"
tt2073600,"Lad: A Yorkshire Story",2017,2017-04-05,96,UK,NULL,English,NULL
tt2076826,Chokeslam,2017,2017-02-10,102,Canada,NULL,NULL,"Chaos, a Film Company"
tt2088950,"This Is Your Death",2017,2017-09-15,104,USA,NULL,English,"Dobre Films"
tt2090465,"Black Butterfly",2017,2017-05-26,93,"Spain, USA, Italy","$ 391431",English,"Ambi Pictures"
tt2091256,"Captain Underpants: The First Epic Movie",2017,2017-07-24,89,"USA, Canada, France, UK, India","$ 125427681",English,"DreamWorks Animation"
tt2094195,Woven,2018,2018-12-14,96,USA,NULL,English,"Lima Production"
tt2098669,"Dirty Dealing 3D",2018,2018-06-19,90,USA,NULL,English,"Gen One Films"
tt2114504,"Woody Woodpecker",2019,2019-11-22,91,USA,"$ 15316635",English,"Universal 1440 Entertainment"
tt2119532,"Hacksaw Ridge",2017,2017-01-26,139,"Australia, USA","$ 175302354","English, Japanese","Cross Creek Pictures"
tt2119543,"The House with a Clock in Its Walls",2018,2018-09-21,105,"USA, Canada, India","$ 131457147",English,DreamWorks
tt2125650,"The Garlock Incident",2017,2017-09-15,78,USA,NULL,English,Loudcat
tt2126357,"Second Act",2019,2019-01-25,103,USA,"$ 72282227","English, Mandarin","STX Entertainment"
tt2139881,"Long Shot",2019,2019-05-03,125,USA,"$ 53410558","English, Swedish, French, Vietnamese, Russian, Hebrew","AG Studios"
tt2140507,"The Current War",2019,2019-07-26,102,USA,"$ 10710119",English,"Bazelevs Production"
tt2140629,Arizona,2018,2018-08-24,85,USA,NULL,English,"Imperative Entertainment"
tt2149360,Found,2017,2017-01-10,103,USA,NULL,English,"Forbidden Films (II)"
tt2150177,"Bhaiaji Superhit",2018,2018-11-23,139,India,NULL,Hindi,"Metro Movies"
tt2155399,Variações,2019,2019-08-22,109,Portugal,"$ 1631472","Portuguese, English, Dutch","DAVID & GOLIAS"
tt2157045,"Nightmare Box",2019,2019-01-15,90,"UK, USA",NULL,English,"Highland Myst Entertainment"
tt2160105,"I Still See You",2018,2018-10-12,98,USA,"$ 1620637",English,"Gold Circle Films"
tt2170667,Wheels,2017,2017-02-01,115,USA,NULL,English,"Loaded Dice Films"
tt2179155,"Alguém Como Eu",2017,2017-10-12,87,"Portugal, Brazil","$ 207252",Portuguese,Gullane
tt2179231,"The Bromley Boys",2018,2018-06-01,106,UK,"$ 19996",NULL,"Itchy Fish Film"
tt2179734,"A Life Not to Follow",2017,2017-07-04,106,USA,NULL,English,"Creepy Kid Productions"
tt2181282,"A Patch of Fog",2017,2017-01-24,92,UK,NULL,English,"Jones Company"
tt2184233,"1 Mile to You",2017,2017-04-07,104,USA,NULL,English,"Cinema Revival"
tt2186712,"Long Nights Short Mornings",2017,2017-01-24,100,USA,NULL,English,"Last Pictures"
tt2195552,"The Elevator: Three Minutes Can Change Your Life",2019,2019-06-20,93,Italy,"$ 9157",English,"Lupin Film"
tt2196053,"Something Like Summer",2017,2017-02-25,115,USA,NULL,English,"Blue Seraph Productions"
tt2197926,"La 4ª Compañía",2018,2018-04-05,109,"Mexico, Spain","$ 158560",Spanish,"Alebrije Cine y Video"
tt2198235,"Monsoon Shootout",2017,2017-12-15,92,"India, UK, Netherlands, France",NULL,Hindi,"Yaffle Films"
tt2201211,"A Boy Called Sailboat",2019,2019-05-06,92,"USA, Australia",NULL,"English, Spanish","Yellow Brick Films"
tt2226440,"Dead Men",2018,2018-01-02,180,USA,NULL,English,"Catch the Sun"
tt2226597,"The Mountain Between Us",2017,2017-10-06,112,USA,"$ 62832209",English,"Chernin Entertainment"
tt2231461,Rampage,2018,2018-04-11,107,USA,"$ 428028233","English, American Sign Language","New Line Cinema"
tt2233979,Beatus,2018,2018-11-02,103,USA,NULL,"English, Latvian","EMH Consulting Group,"
tt2237324,Bent,2018,2018-03-09,96,"Spain, USA","$ 82247",English,"AMBI Group"
tt2239822,"Valerian and the City of a Thousand Planets",2017,2017-08-02,137,"France, China, Belgium, Germany, United Arab Emirates, USA","$ 225874228","English, French",EuropaCorp
tt2241475,Riot,2017,2017-01-04,84,UK,NULL,English,"Chata Pictures"
tt2243900,"Trouble Is My Business",2018,2018-04-03,116,USA,NULL,English,"Lumen Actus"
tt2249081,"The Forgiven",2018,2018-03-09,115,UK,"$ 42213",English,"Light and Dark Films"
tt2250912,"Spider-Man: Homecoming",2017,2017-07-05,133,USA,"$ 880166924","English, Spanish","Columbia Pictures"
tt2262216,"Doobious Sources",2017,2017-01-02,102,USA,NULL,English,"Doobious Sources"
tt2262315,"The Good Neighbor",2017,2017-08-14,98,USA,"$ 90573",English,"Anonymous Content"
tt2265651,Untouched,2017,2017-03-02,80,USA,NULL,English,"First City Films"
tt2268018,Neron,2018,2018-03-06,100,USA,NULL,English,"Applied Art Productions"
tt2273648,Misirlou,2018,2018-02-01,85,USA,NULL,English,"True Auteur Pictures"
tt2274604,"Eat with Me",2017,2017-10-08,95,USA,NULL,English,"Eat With Me Productions"
tt2274648,Hellboy,2019,2019-04-11,120,"USA, UK, Bulgaria, Canada","$ 44664690","English, Spanish, German, Russian","Summit Entertainment"
tt2275629,"Cliffs of Freedom",2019,2019-03-22,137,USA,"$ 300842","Greek, English","Aegean Ent."
tt2275743,"Berlin, I Love You",2019,2019-08-08,120,Germany,"$ 246408","English, German","Bily Media Berlin"
tt2277834,"Dark Cove",2017,2017-05-30,84,Canada,NULL,English,"Tall Grass Films"
tt2278870,"ISRA 88",2017,2017-02-07,119,USA,NULL,English,"Eenie Ienie Over Productions"
tt2281442,"Haunted 2: Apparitions",2018,2018-09-25,87,UK,NULL,English,"Greenway Entertainment"
tt2283336,"Men in Black: International",2019,2019-06-14,114,USA,"$ 253890701","English, French, Chinese","Columbia Pictures"
tt2283362,"Jumanji: Welcome to the Jungle",2017,2017-12-20,119,"USA, India, Canada, UK, Australia, Germany","$ 962102237",English,"Columbia Pictures"
tt2289098,"The Fitzroy",2017,2017-04-29,93,UK,NULL,English,"Dresden Pictures"
tt2291540,"My Friend Dahmer",2018,2018-06-01,107,USA,"$ 1436751",English,"Ibid Filmworks"
tt2293060,Americons,2017,2017-12-29,89,USA,"$ 28782",English,"Industry Artists Group"
tt2293272,"Centro Histórico",2017,2017-11-23,96,Portugal,"$ 5633","Portuguese, English","Globalstone RV Films"
tt2296777,"Sherlock Gnomes",2018,2018-05-11,86,"UK, USA, India, Canada, France, Belgium","$ 90345871","English, Mandarin","Metro-Goldwyn-Mayer (MGM)"
tt2297108,"100 Ghost Street: The Return of Richard Speck",2019,2019-07-29,84,USA,NULL,English,"The Asylum"
tt2302416,"Gali Guleiyan",2018,2018-09-07,117,"UK, India",NULL,"Hindi, English","Exstant Motion Pictures"
tt2304662,"Watashi no dorei ni narinasai",2017,2017-11-01,96,Japan,NULL,Japanese,"Cine Bazar"
tt2306441,Middleground,2017,2017-11-02,91,"Russia, USA","$ 22490",NULL,"Hype Film"
tt2310316,Inspiration,2018,2018-08-02,87,Canada,NULL,English,"SKG Films"
tt2311530,"Lost Angelas",2019,2019-03-26,88,USA,NULL,English,"WM Films"
tt2312184,"All About the Money",2017,2017-06-02,90,USA,NULL,English,"Wunderkind Pictures"
tt2315582,Una,2017,2017-09-01,94,"UK, Canada, USA","$ 508169",English,"BRON Studios"
tt2315596,Galveston,2018,2018-10-19,91,USA,"$ 225567",English,"Jean Doumanian Productions"
tt2316204,"Alien: Covenant",2017,2017-05-12,122,"USA, UK","$ 240891763",English,"Twentieth Century Fox"
tt2316479,"Blue Iguana",2018,2018-10-05,100,UK,"$ 41050",English,"UK Film Studio Productions"
tt2324928,Alienate,2017,2017-05-05,90,USA,NULL,English,"Film Base"
tt2328900,"Mary Queen of Scots",2019,2019-01-18,124,"UK, USA","$ 46672564","English, French, Scottish Gaelic, Latin","Focus Features"
tt2330973,"Manhattan Undying",2017,2017-06-06,90,"Canada, USA",NULL,English,"Distinctive Entertainment"
tt2331047,Rememory,2017,2017-08-24,111,"Canada, USA","$ 70124",English,"First Point Entertainment"
tt2334871,Snatched,2017,2017-05-19,90,USA,"$ 60845711","English, Spanish","Chernin Entertainment"
tt2337841,"Bottom of the World",2017,2017-03-01,85,"Canada, USA",NULL,English,"Catalyst Global Media"
tt2338454,"Unicorn Store",2019,2019-04-05,92,USA,NULL,English,"51 Entertainment"
tt2345759,"The Mummy",2017,2017-06-09,110,"USA, China, Japan","$ 409231607","English, Egyptian (Ancient)","Universal Pictures"
tt2349944,"To agóri sti géfyra",2017,2017-05-11,85,Cyprus,NULL,Greek,"AMP Filmworks"
tt2361317,"Live by Night",2017,2017-01-13,129,USA,"$ 22678555","English, Spanish","Appian Way"
tt2361746,Haraamkhor,2017,2017-01-13,90,India,NULL,Hindi,"Khussro Films"
tt2368254,"A Private War",2019,2019-02-15,110,"UK, USA","$ 3826678",English,"Acacia Filmed Entertainment"
tt2369600,"Muffin Top: A Love Story",2017,2017-01-01,97,USA,NULL,English,"Cameron Productions"
tt2370230,"All Summers End",2018,2018-03-22,90,USA,NULL,English,"Haven Entertainment"
tt2371365,"La Vingança",2017,2017-02-02,90,"Brazil, Argentina","$ 34048","Portuguese, Spanish","Bionica Filmes"
tt2372251,"Down a Dark Hall",2018,2018-08-03,96,"Spain, USA","$ 2557053",English,"Fickle Fish Films"
tt2375585,"Taryn Barker: Demon Hunter",2017,2017-06-07,85,"USA, Ireland",NULL,English,"Constant Motion Pictures"
tt2377752,"The Truth About Lies",2018,2018-01-27,94,USA,NULL,English,"Rumpus Entertainment"
tt2378145,"Gas Light",2018,2018-09-15,80,USA,NULL,English,"InFocus Entertainment"
tt2378507,"The Glass Castle",2017,2017-10-06,127,USA,"$ 22088533",English,Lionsgate
tt2380307,Coco,2018,2018-01-19,105,USA,"$ 807082196","English, Spanish","Walt Disney Pictures"
tt2382622,"After the Wedding",2017,2017-07-28,88,USA,NULL,English,"Pink Forest Films"
tt2385752,"Modern Life Is Rubbish",2018,2018-05-04,105,UK,"$ 4153",English,"Serotonin Films"
tt2386237,Malevolent,2018,2018-10-05,89,UK,NULL,English,"Catalyst Global Media"
tt2386490,"How to Train Your Dragon: The Hidden World",2019,2019-02-01,104,"USA, Japan","$ 519896648",English,"DreamWorks Animation"
tt2386588,"Meshok bez dna",2018,2018-01-18,104,Russia,"$ 57420","Russian, French","Production Center of Andrei Konchalovsky"
tt2386668,"High on the Hog",2019,2019-04-16,85,USA,"$ 45696",English,"Hicktown Entertainment"
tt2388771,Mowgli,2018,2018-12-07,104,"UK, USA",NULL,"English, Hindi","Imaginarium Productions"
tt2392383,"Her Composition",2017,2017-01-01,93,"USA, Germany",NULL,English,"Picture Train Company"
tt2392748,"Scorched Earth",2018,2018-02-01,96,"Canada, USA",NULL,English,"Lighthouse Pictures"
tt2392830,"A Quiet Passion",2017,2017-04-07,125,"UK, Belgium, USA, Canada","$ 4159246",English,"Gibson & MacLeod"
tt2395469,"Gully Boy",2019,2019-02-14,153,India,"$ 24971631",Hindi,"Excel Entertainment"
tt2396489,"Five Fingers for Marseilles",2018,2018-04-06,120,"South Africa","$ 136374","Xhosa, Southern Sotho, English, Afrikaans","Game 7 Films"
tt2396589,Mudbound,2017,2017-11-17,134,USA,"$ 117344",English,"Armory Films"
tt2398241,"Smurfs: The Lost Village",2017,2017-03-31,90,"USA, Hong Kong, Canada","$ 197183546",English,"Columbia Pictures"
tt2401825,"Wu wen xi dong",2018,2018-01-12,138,China,"$ 119055731",Mandarin,NULL
tt2404639,"The Happy Prince",2018,2018-06-15,105,"UK, Belgium, Italy, Germany","$ 2621992","Latin, English, French, Italian","Maze Pictures"
tt2406566,"Atomic Blonde",2017,2017-08-09,115,"Germany, Sweden, USA, Hungary","$ 100121713","English, German, Russian, Swedish",87Eleven
tt2413516,"The Forbidden Dimensions",2019,2019-06-21,86,USA,NULL,English,"Razorwire Pictures"
tt2417712,"Goon: Last of the Enforcers",2017,2017-09-08,101,Canada,"$ 124875",English,"No Trace Camping"
tt2421910,"The Guest House",2017,2017-03-01,96,USA,NULL,English,"Scrappy Dog Productions"
tt2425466,Warren,2017,2017-02-04,84,USA,NULL,English,"Watson Pictures"
tt2429278,"The Ghost and The Whale",2017,2017-06-01,105,USA,NULL,English,"Ghost and the Whale"
tt2435970,"Primrose Lane",2019,2019-09-06,89,USA,NULL,English,"Painted Saint Entertainment"
tt2445568,Outlawed,2018,2018-10-02,102,UK,NULL,English,NULL
tt2449638,"Deep Burial",2017,2017-03-17,81,USA,NULL,English,"Lifeboat Productions"
tt2463842,Blockbuster,2018,2018-01-24,85,France,"$ 2044",French,"Madeleine Films"
tt2476294,"Moscow Never Sleeps",2019,2019-05-01,100,"Russia, Ireland","$ 38004",Russian,"Snapshot Productions"
tt2481498,"Extremely Wicked, Shockingly Evil and Vile",2019,2019-05-03,110,USA,"$ 10212430",English,"COTA Films"
tt2482856,"The Church",2019,2019-07-09,81,USA,"$ 772000",English,"Hard Floor Entertainment"
tt2484224,"The Answer",2017,2017-07-11,83,USA,NULL,English,"Schoolfield Media"
tt2487028,"Walk of Fame",2017,2017-03-24,93,USA,NULL,English,"J Thomas Entertainment"
tt2490148,"Fury of the Fist and the Golden Fleece",2018,2018-05-25,107,USA,NULL,NULL,"Only Human Productions"
tt2492344,"Division 19",2019,2019-06-21,93,"UK, USA","$ 981",English,"Division 19"
tt2499472,"Point Blank",2019,2019-07-12,86,"France, USA",NULL,English,Gaumont
tt2501366,Scrawl,2019,2019-06-11,82,UK,NULL,English,"Cyfuno Ventures"
tt2515456,Destined,2017,2017-01-01,95,USA,NULL,English,"Confluential Films"
tt2516500,"Granny of the Dead",2017,2017-08-28,83,UK,NULL,English,"TudorFilms Production"
tt2516966,"1974: La posesión de Altair",2017,2017-04-07,82,Mexico,"$ 200362",Spanish,Nemesis
tt2520046,Madraza,2017,2017-05-25,94,Argentina,"$ 33048",Spanish,"Kozen Films"
tt2523096,Needlestick,2017,2017-02-21,85,USA,NULL,English,"Decipher Entertainment"
tt2527336,"Star Wars: Episode VIII - The Last Jedi",2017,2017-12-14,152,USA,"$ 1332539889",English,"Walt Disney Pictures"
tt2530316,"Beauty & the Beholder",2018,2018-10-26,95,USA,"$ 1368",English,"Reel One Entertainment Worldwide"
tt2531334,"Keep Watching",2017,2017-10-31,89,USA,"$ 94178",English,"Voltage Pictures"
tt2531344,Blockers,2018,2018-03-30,102,USA,"$ 94017294",English,"Point Grey Pictures"
tt2534642,"Captain Morten and the Spider Queen",2018,2018-08-15,79,"Estonia, Belgium, Ireland, UK",NULL,English,Calon
tt2543472,Wonder,2017,2017-12-01,113,"USA, Hong Kong","$ 305937718",English,Lionsgate
tt2548396,"The Cloverfield Paradox",2018,2018-02-04,102,USA,NULL,"English, Mandarin, German","Bad Robot"
tt2556676,Blowtorch,2017,2017-02-07,80,USA,NULL,English,"Breslin Media"
tt2557478,"Pacific Rim: Uprising",2018,2018-03-23,111,"UK, China, Japan, USA","$ 290930148","English, Mandarin, Russian","Legendary Entertainment"
tt2560792,Skybound,2017,2017-11-07,82,Germany,NULL,English,Visionz
tt2565974,"Razors: The Return of Jack the Ripper",2017,2017-05-08,88,UK,NULL,English,"Magic Mask Pictures Limited"
tt2566644,"Seoul Searching",2017,2017-12-15,105,"South Korea, China, USA","$ 18654","English, Korean, German","Seoul Searching"
tt2568862,"Going in Style",2017,2017-04-07,96,USA,"$ 84918541",English,"De Line Pictures"
tt2570500,"Fonotune: An Electric Fairytale",2018,2018-05-14,74,"Japan, USA, Germany",NULL,Japanese,"Studio Saboteur"
tt2575290,"Train Station",2017,2017-02-03,97,"USA, Colombia, Iran, Kenya, Germany, Romania, Spain, China, UK, Greece, South Africa, Portugal, United Arab Emirates, India, Brazil, Philippines, Italy, Norway, Malaysia, France, Singapore, Indonesia, Bolivia, Bulgaria, Sudan",NULL,"English, Persian, Indonesian, Spanish, Italian, German, Greek, Chinese, Hindi, Portuguese, Arabic, Romanian, Filipino, Malay","Ex Film Collective"
tt2578608,"Krampus: The Christmas Devil",2017,2017-08-21,82,USA,NULL,English,"Snowdog Studio"
tt2582498,"Sweet Virginia",2017,2017-12-21,93,"USA, Canada","$ 14725",English,Automatik
tt2582576,"Sand Castle",2017,2017-04-21,113,USA,NULL,"English, Arabic","The Mark Gordon Company"
tt2582784,Flower,2018,2018-03-16,90,USA,"$ 380553",English,"Diablo Entertainment (II)"
tt2585736,"American Bistro",2019,2019-08-13,94,USA,NULL,English,"Diennet Productions"
tt2586120,"Le Fidèle",2018,2018-07-13,130,"Belgium, France, Netherlands","$ 400026","French, Dutch","Savage Film"
tt2592614,"Resident Evil: The Final Chapter",2017,2017-02-03,107,"USA, Germany, France, Canada, South Africa, Australia, UK, Japan","$ 312242626",English,"Constantin Film"
tt2597760,"The Outcasts",2017,2017-04-14,95,USA,"$ 61250",English,"BCDF Pictures"
tt2602338,Malady,2017,2017-07-11,93,UK,NULL,English,"Realist Productions"
tt2606314,Caretakers,2019,2019-09-19,88,USA,NULL,English,"Persona Pictures"
tt2610248,Verdwijnen,2017,2017-03-02,90,"Netherlands, Norway","$ 55715",Dutch,Avrotros
tt2619512,"The Big Take",2018,2018-09-07,83,USA,NULL,English,"Federal Pictures"
tt2620590,Leatherface,2017,2017-09-14,90,USA,"$ 1476843",English,"Campbell Grobman Films"
tt2625948,Seventy-Nine,2017,2017-06-08,82,USA,NULL,English,"Magic Elevator"
tt2630742,"The Ascent",2017,2017-10-01,98,USA,NULL,English,NULL
tt2633076,"Dig Two Graves",2017,2017-03-24,85,USA,NULL,English,NULL
tt2634414,"Ragin Cajun Redneck Gators",2019,2019-05-01,88,USA,NULL,English,"Active Entertainment"
tt2639336,Greta,2019,2019-04-18,98,"Ireland, USA","$ 18640313","English, Hungarian, French, Korean","Sidney Kimmel Entertainment"
tt2651724,Wastelander,2018,2018-02-02,90,USA,"$ 70045",English,"Point Of View Pictures, Scott Hellon"
tt2658538,"Austin Found",2017,2017-07-07,104,USA,NULL,English,"Caspian Pictures"
tt2670882,"Measure of a Man",2018,2018-05-11,100,USA,NULL,English,"Taylor Lane Productions"
tt2671706,Fences,2017,2017-02-17,139,"USA, Canada","$ 64414761",English,"BRON Studios"
tt2674454,Churchill,2017,2017-06-16,105,UK,"$ 6724365",English,"Salon Pictures"
tt2677064,"Vishwaroopam 2",2018,2018-08-10,145,India,"$ 517375","Tamil, Hindi, Telugu","Aascar Film P."
tt2677722,"City of Lies",2018,2018-12-21,112,"UK, USA","$ 1605775","English, Spanish","FilmNation Entertainment"
tt2690226,"The Chaperone",2019,2019-03-29,103,"UK, Australia, USA","$ 1541223",English,"Fibonacci Films"
tt2690634,"The Bad Guys",2018,2018-02-16,90,USA,NULL,English,"Romark Entertainment"
tt2700194,Prishelets,2018,2018-11-08,95,Russia,"$ 223287","Russian, English","Muravey Production"
tt2704998,"Game Night",2018,2018-03-02,100,USA,"$ 117679066",English,"Access Entertainment"
tt2707810,Submission,2019,2019-09-19,106,USA,"$ 39985",English,"Mighty Engine"
tt2709692,"The Grinch",2018,2018-11-09,85,"France, Japan, USA","$ 511595957",English,"Universal Pictures"
tt2709962,Cecil,2019,2019-01-22,80,USA,NULL,English,"Behind the Curtain Media"
tt2712758,Displacement,2017,2017-04-28,112,USA,NULL,English,"Maderfilm Productions"
tt2720826,"Birth of the Dragon",2017,2017-08-25,95,"China, Canada, USA","$ 7215027","English, Mandarin","Groundswell Productions"
tt2721624,"What Separates Us",2017,2017-10-22,90,USA,NULL,English,"Interwoven Studios"
tt2728784,"After Darkness",2018,2018-01-01,98,"Mexico, USA",NULL,English,"Camellia Entertainment"
tt2736858,"The Harrowing",2018,2018-12-25,110,USA,NULL,English,"Wolfclan Productions"
tt2737304,"Bird Box",2018,2018-12-21,124,USA,NULL,English,Netflix
tt2741564,Angelica,2017,2017-11-17,95,USA,NULL,"English, Italian","Pierpoline Films"
tt2759338,Dassehra,2018,2018-10-26,131,India,NULL,Hindi,"Rash Production"
tt2762506,Bacurau,2019,2019-08-29,131,"Brazil, France","$ 3276601","Portuguese, English",Ancine
tt2762662,"Better Start Running",2019,2019-03-14,92,USA,NULL,English,"Whip Smart Productions"
tt2763304,"T2 Trainspotting",2017,2017-01-27,117,UK,"$ 41681746","English, Bulgarian, Scots",Artbees
tt2766104,"Lói: Þú Flýgur Aldrei Einn",2018,2018-07-06,83,"Iceland, Belgium","$ 6063125","English, Icelandic, Italian",GunHil
tt2769828,Peelers,2018,2018-12-03,95,Canada,NULL,English,"Pounds (LBS) Pictures"
tt2771200,"Beauty and the Beast",2017,2017-03-17,129,USA,"$ 1263521126",English,"Mandeville Films"
tt2776878,"Thank You for Your Service",2017,2017-10-27,109,"USA, India","$ 9995692",English,DreamWorks
tt2782232,"Circus of the Dead",2017,2017-01-13,102,USA,NULL,English,"Bell Cow Films"
tt2783862,Xibalba,2017,2017-05-02,88,Mexico,NULL,"English, Spanish","Lanczyner Films"
tt2784134,"Battle for Skyark",2018,2018-12-28,88,USA,NULL,English,"Lastlink Films Production"
tt2787302,"Message Man",2019,2019-02-26,91,"Indonesia, Australia, UK, United Arab Emirates",NULL,"Indonesian, English","Rhythmic Films"
tt2789014,"100 Acres of Hell",2019,2019-03-02,85,USA,"$ 5152",English,"100 Acres of Hell Productions"
tt2794684,"Gatwick Gangsters",2017,2017-11-06,106,UK,NULL,"English, Spanish, German, Greek","Redgate Properties"
tt2798920,Annihilation,2018,2018-02-23,115,"UK, USA","$ 43070915",English,"Paramount Pictures"
tt2800340,"On the Milky Road",2017,2017-02-25,125,"Serbia, UK, USA","$ 1075258","Serbian, Italian","Pinball London"
tt2802062,Ishqeria,2018,2018-09-21,118,India,NULL,Hindi,"Yen Movies"
tt2805676,"Ascent to Hell",2017,2017-03-14,90,USA,NULL,English,"Rumpus Room Productions"
tt2814628,"Beyond the Known World",2017,2017-04-20,102,"New Zealand, India","$ 35690",English,"Reservoir Films"
tt2822672,"Rock Dog",2017,2017-06-16,90,"China, USA","$ 23157646",English,"Summit Premiere"
tt2825596,Pretenders,2019,2019-09-27,95,USA,NULL,English,"SSS Entertainment"
tt2827058,"Mississippi Murder",2017,2017-01-03,113,USA,NULL,English,"Repertory Films"
tt2837574,"The Old Man & the Gun",2018,2018-12-07,93,USA,"$ 17860397","English, Spanish","Condé Nast Publications"
tt2838568,"The More You Ignore Me",2018,2018-07-06,98,UK,"$ 90819",English,"Genesius Pictures"
tt2848324,"Touched with Fire",2017,2017-05-10,106,USA,"$ 146487",English,"40 Acres & A Mule Filmworks"
tt2850480,"The Girl Who Invented Kissing",2017,2017-04-29,106,USA,NULL,English,"308 Ent"
tt2852500,"The Bigfoot Project",2017,2017-04-04,90,USA,NULL,English,"Fallen Films"
tt2854926,Tag,2018,2018-06-29,100,USA,"$ 78130625","English, Spanish","Broken Road Productions"
tt2866708,"Strange But True",2019,2019-09-06,96,Canada,"$ 285570",English,Automatik
tt2872518,"The Shack",2017,2017-06-09,132,USA,"$ 96942115",English,"Summit Entertainment"
tt2873282,"Red Sparrow",2018,2018-03-01,140,USA,"$ 151572634","English, Russian","Chernin Entertainment"
tt2880664,Rednecks,2017,2017-01-03,98,USA,NULL,English,"Birmingham Films"
tt2898904,"Paranormal Highway",2017,2017-12-19,93,USA,NULL,English,"Timber Wolf Productions"
tt2901896,"Blood Hunt",2017,2017-06-27,78,Australia,NULL,English,"Stud Ranch"
tt2905082,"Alex & The List",2018,2018-05-04,112,USA,NULL,English,"Gooses List"
tt2909966,"Invasion of the Undead",2017,2017-10-02,80,USA,NULL,English,"Monsterbuster Entertainment"
tt2913562,"Call Me King",2017,2017-02-05,118,USA,NULL,English,"Dark Energy Pictures"
tt2917484,"Cute Little Buggers",2017,2017-02-10,108,UK,NULL,English,"Great Dayne Entertainment"
tt2920294,"Cigarette Soup",2017,2017-10-10,108,USA,NULL,English,"DLP Media"
tt2923834,"The Last Scout",2017,2017-03-07,107,"UK, Germany",NULL,English,"Runaway Features"
tt2924392,"Higher Power",2018,2018-05-09,93,USA,"$ 528",English,"Break Media"
tt2926924,"Another You",2017,2017-05-15,83,USA,NULL,English,"Pennsport Media"
tt2928840,Nobility,2017,2017-06-27,50,USA,NULL,English,"Cowboy Errant"
tt2931140,"New Life",2017,2017-10-19,88,USA,NULL,English,"Argentum Entertainment"
tt2931376,"The Wake",2017,2017-07-04,86,USA,NULL,English,"Lesson 1 Entertainment"
tt2932536,"47 Meters Down",2017,2017-07-26,89,"UK, USA","$ 62187529","English, Spanish",thefyzz
tt2935390,"The Snare",2017,2017-01-06,90,UK,NULL,English,"Bohemian Pictures"
tt2935510,"Ad Astra",2019,2019-09-18,123,"USA, China","$ 127037114","English, Japanese, Russian","New Regency Pictures"
tt2935516,Money,2017,2017-09-27,90,France,"$ 25403753",French,"Electrick Films"
tt2936390,"Battle Drone",2018,2018-03-01,93,USA,NULL,English,"Film Tiger"
tt2936884,"Paris pieds nus",2017,2017-03-08,83,"France, Belgium","$ 2082381","French, English","Courage Mon Amour"
tt2937366,"Little Evil",2017,2017-09-01,94,USA,NULL,NULL,"Bluegrass Films"
tt2938464,"The Hatching",2017,2017-09-26,90,UK,NULL,English,"Creativity Capital"
tt2940482,"American Justice",2017,2017-01-02,83,USA,NULL,English,"D Street Films"
tt2943946,"The Circle",2017,2017-10-26,93,UK,NULL,English,"Callow Youth Productions"
tt2948160,"Corbin Nash",2018,2018-04-20,94,"UK, USA",NULL,English,"Jagger/Wagner Productions"
tt2948530,"Wild for the Night",2017,2017-01-13,100,USA,"$ 18847",English,"Tri Destined Studios"
tt2955304,"Halal Daddy",2017,2017-06-30,95,"Ireland, Germany, France","$ 11662",English,"Benrae Florin Films"
tt2957760,Extortion,2017,2017-07-27,108,"USA, Philippines, Puerto Rico","$ 8617",English,"Filmmuse Productions"
tt2962932,"Mining for Ruby",2017,2017-01-02,95,USA,NULL,English,"Lock and Monkey Productions"
tt2967226,"Killing Hasselhoff",2017,2017-08-29,80,USA,NULL,NULL,"Lotus Pictures"
tt2967856,"Another Day of Life",2018,2018-10-26,85,"Poland, Spain, Germany, Belgium, Hungary, France","$ 134801","English, Portuguese, Polish, Spanish","Platige Image"
tt2984576,"Death House",2018,2018-02-23,95,USA,"$ 23833",English,"Entertainment Factory"
tt2989524,"Carrie Pilby",2017,2017-04-04,98,USA,"$ 28430",English,"Braveart Films"
tt2990140,"The Christmas Chronicles",2018,2018-11-22,104,USA,NULL,"English, Spanish, French, Romanian","1492 Pictures"
tt2993848,"Bing feng: Yong heng zhi men",2018,2018-11-02,104,"China, Hong Kong","$ 4957041",Cantonese,"Zhongmeng Century Media"
tt3004774,Tigers,2018,2018-11-21,94,"India, France","$ 293274","Hindi, English, Urdu, German","Sikhya Entertainment"
tt3009772,"Ode to Joy",2019,2019-08-09,97,USA,"$ 22594",English,Mosaic
tt3011960,Hangman,2017,2017-11-24,98,USA,NULL,English,"Patriot Pictures"
tt3014284,"The Lego Ninjago Movie",2017,2017-10-13,101,"USA, Denmark, Australia","$ 123081555",English,"LEGO System A/S"
tt3021984,Diane,2017,2017-08-24,82,USA,NULL,English,"Mean Time Productions"
tt3024324,"Kill Game",2018,2018-01-19,102,USA,NULL,English,"Full Throttle Pictures"
tt3026488,"Alone in Berlin",2017,2017-06-30,103,"UK, France, Germany","$ 1205598",English,"X-Filme Creative Pool"
tt3038542,"Tie the Knot",2017,2017-02-21,90,"USA, India",NULL,English,"Starlight Global Films"
tt3038708,"Iron Sky: The Coming Race",2019,2019-01-16,90,"Finland, Germany, Belgium","$ 400900","English, German","Iron Sky Universe"
tt3044664,"Gold Star",2017,2017-11-10,90,USA,NULL,English,"Big Vision Creative"
tt3053228,"Day of the Dead: Bloodline",2018,2018-01-05,90,"Bulgaria, USA","$ 272793",English,"Nu Boyana Film Studios"
tt3059304,Spaceship,2017,2017-05-19,90,UK,"$ 14044",English,"Belly Productions"
tt3061222,Alcoholist,2017,2017-05-18,105,Italy,NULL,English,"Dea Film"
tt3061594,Voyoucratie,2018,2018-01-31,84,France,NULL,French,FGKOFilms
tt3063364,"The Most Dangerous Game",2017,2017-04-25,89,USA,NULL,English,"The Most Dangerous Game"
tt3064338,"Mutant Blast",2019,2019-10-17,83,"USA, Portugal","$ 5498",Portuguese,"Alle Films"
tt3068544,"Days of Power",2018,2018-02-20,102,USA,NULL,English,"Realize Productions"
tt3071192,"Cruel Summer",2018,2018-02-27,80,UK,NULL,English,"441 Films"
tt3072732,"Jim Knopf und Lukas der Lokomotivführer",2018,2018-03-29,110,Germany,"$ 12699718","English, German","Malao Film"
tt3074952,"Welcome to Willits",2017,2017-09-22,84,USA,NULL,English,"Yale Productions"
tt3076510,Henchmen,2018,2018-12-07,89,Canada,"$ 1469",NULL,"BRON Studios"
tt3079222,"The Man Who Was Thursday",2017,2017-09-14,95,"USA, Hungary, Italy, Romania",NULL,English,"Cobera Capital Group"
tt3079568,"Minutes to Midnight",2018,2018-07-03,91,USA,NULL,English,DeInstitutionalized
tt3082826,"Kelly & Cal",2017,2017-04-12,111,USA,"$ 17702",English,"Spring Pictures"
tt3086078,4:48,2017,2017-02-22,88,France,NULL,French,"Les Illuminations"
tt3092790,"Two Down",2018,2018-01-15,92,UK,NULL,English,"Fizz and Ginger Films"
tt3096782,"O Grande Circo Místico",2018,2018-08-22,105,"Brazil, Portugal, France","$ 54926",Portuguese,"Fado Filmes"
tt3097876,"Holden On",2018,2018-12-11,102,USA,NULL,English,"Granger Pictures"
tt3104988,"Crazy Rich Asians",2018,2018-09-14,120,USA,"$ 238532921","English, Mandarin, Cantonese, Hokkien, French, Malay","Warner Bros."
tt3107166,Pimp,2018,2018-11-09,86,USA,NULL,English,"Adrenaline Entertainment"
tt3108658,Redemoinho,2017,2017-02-09,100,Brazil,NULL,Portuguese,"Bananeira Filmes"
tt3111516,"The Convent",2019,2019-05-08,81,UK,"$ 353326",English,"EnMar Productions"
tt3113386,"Where the Devil Dwells",2018,2018-10-30,81,USA,NULL,English,NULL
tt3113836,"Strange Nature",2018,2018-09-22,100,USA,NULL,English,NULL
tt3115906,Nowhereland,2018,2018-04-27,95,USA,NULL,English,"Leslin Films"
tt3116438,"Day of the Mummy",2017,2017-06-20,81,"USA, Venezuela",NULL,English,"Omni Media Arts"
tt3118920,Stockholm,2017,2017-03-28,99,USA,NULL,English,"Penny Spent Films"
tt3120280,"Sierra Burgess Is a Loser",2018,2018-09-07,105,USA,NULL,English,"Black Label Media"
tt3121200,"Breakdown Lane",2017,2017-01-05,76,Canada,NULL,English,"Twilight Pictures"
tt3122390,"Beacon Point",2017,2017-07-01,85,USA,NULL,English,NULL
tt3127016,"Sharon 1.2.3.",2018,2018-09-21,80,USA,NULL,NULL,"JuntoBox Films"
tt3127022,"The Bookshop",2018,2018-06-29,113,"UK, Spain, Germany","$ 12055868",English,"Diagonal TV"
tt3130560,Schneeflöckchen,2019,2019-09-12,121,Germany,NULL,"German, English, Turkish, Polish","Lopta Film"
tt3130594,Juggernaut,2017,2017-10-07,105,Canada,NULL,English,"Mad Samurai Productions"
tt3131050,Delirium,2018,2018-01-19,86,USA,NULL,English,"Martini Films"
tt3132614,"Dr. Jekyll and Mr. Hyde",2017,2017-01-01,83,USA,NULL,English,"Koa Aloha Media"
tt3138122,"Into the Ashes",2019,2019-07-19,98,USA,NULL,English,"Michael Bruce Pictures"
tt3142428,"The Perfect Host: A Southern Gothic Tale",2018,2018-08-22,93,USA,NULL,English,"Fabled Motion Pictures"
tt3142468,Fluefangeren,2017,2017-04-21,106,Norway,NULL,Albanian,"Good Wolf Bad Wolf"
tt3147410,Unsound,2018,2018-06-16,94,USA,NULL,English,"Seafood Tester"
tt3148552,Convergence,2017,2017-03-15,100,USA,NULL,English,"Frame 29 Films"
tt3148978,"Capps Crossing",2017,2017-06-09,85,USA,NULL,English,"Aaronde Entertainment"
tt3150966,"Rise of the Footsoldier Part II",2018,2018-02-20,111,UK,"$ 8156","English, Dutch, Polish","Carnaby International"
tt3151710,"Billy Boy",2017,2017-09-23,90,USA,NULL,English,"Fiction Pictures"
tt3155328,"Win It All",2017,2017-04-07,88,USA,NULL,English,"Forager Films"
tt3160336,"The Birdcatcher",2019,2019-03-29,100,"Norway, UK",NULL,English,"Garnet Girl"
tt3163224,"The Carrier",2017,2017-01-26,90,UK,NULL,English,"Megatopia Films"
tt3165264,"Altered Perception",2018,2018-05-04,79,USA,"$ 1259",English,"Blancbiehn Productions"
tt3165632,"5th Passenger",2017,2017-12-13,89,USA,NULL,NULL,"Adamant Images"
tt3169740,"The Falls: Testament of Love",2018,2018-04-01,123,USA,NULL,English,"Lake Productions"
tt3170458,"A Violent Separation",2019,2019-05-17,106,USA,NULL,NULL,"Catapult Entertainment Group"
tt3170972,"Hazard Jack",2018,2018-12-07,82,USA,NULL,English,NULL
tt3171832,iBoy,2017,2017-01-27,90,UK,NULL,English,"Wigwam Films"
tt3174376,"Before I Wake",2018,2018-01-05,97,USA,"$ 3965086",English,"Intrepid Pictures"
tt3176980,"Be My Cat: A Film for Anne",2018,2018-04-27,87,Romania,NULL,English,"Adrian Tofei"
tt3180402,"Getting Schooled",2017,2017-02-07,83,USA,NULL,English,"Lucky Chucky Productions"
tt3180548,"The Belly of the Whale",2018,2018-12-07,83,Ireland,"$ 9613",English,"Fastnet Docs"
tt3180912,"The Architect",2017,2017-06-15,95,USA,NULL,English,"Parker Film Company"
tt3182620,"Bitter Harvest",2017,2017-02-24,103,"Canada, UK","$ 904399","English, Russian","Devils Harvest Production"
tt3183402,Verónica,2017,2017-08-25,81,Mexico,NULL,Spanish,"Producciones A Ciegas"
tt3188492,"Call of the Wolf",2017,2017-02-07,105,USA,NULL,English,"Womack Film Works"
tt3194388,"Six Hot Chicks in a Warehouse",2017,2017-11-02,93,UK,NULL,English,"Kill The Sunset Pictures"
tt3197802,"The Answer",2018,2018-08-31,108,India,NULL,English,"Kriya Movies"
tt3198000,Teleios,2017,2017-09-05,89,USA,NULL,English,"Thousand Mile Media"
tt3201640,Extinction,2018,2018-07-27,95,USA,NULL,English,"Good Universe"
tt3201654,Neckan,2017,2017-03-03,95,"Spain, Morocco","$ 5078","Spanish, Arabic","Gaia Audiovisuals S.L."
tt3201736,"Run the Race",2019,2019-02-22,101,USA,"$ 6424420",English,"Reserve Entertainment"
tt3203528,"Bad Samaritan",2018,2018-05-04,110,USA,"$ 4623836",English,"Electric Entertainment"
tt3203620,"The Dinner",2017,2017-12-08,120,USA,"$ 2544921",English,"ChubbCo Film"
tt3204632,"Like Me",2018,2018-02-20,80,USA,"$ 12965",NULL,"Dogfish Pictures"
tt3209826,"Patel Ki Punjabi Shaadi",2017,2017-09-14,120,India,"$ 81088",Hindi,"Cinekorn Entertainment"
tt3212026,"The Price",2017,2017-11-10,91,"Nigeria, USA",NULL,"Yoruba, English","Hacienda Motion Picture Company"
tt3212910,"Folk Hero & Funny Guy",2017,2017-05-12,88,USA,NULL,English,"Spitfire Studios"
tt3220900,Adolescence,2018,2018-06-23,99,USA,NULL,English,"Winterstone Pictures"
tt3222852,Victor,2017,2017-03-24,105,USA,"$ 117755",English,"GW Films"
tt3224288,"Beyond the Clouds",2018,2018-04-20,120,"India, Iran","$ 307482","Hindi, English","Namah Pictures"
tt3226454,"Among Us",2017,2017-08-08,91,USA,NULL,English,"Kitchen Table Films"
tt3226786,Bigger,2018,2018-10-12,107,USA,"$ 51684",English,"13 Films"
tt3228088,"Spark: A Space Tail",2017,2017-05-26,91,"Canada, South Korea, USA, China","$ 1040689",English,"ToonBox Entertainment"
tt3229488,"Boone: The Bounty Hunter",2017,2017-05-09,86,USA,NULL,English,"Killion Street"
tt3231390,"Valley of the Sasquatch",2017,2017-02-07,92,USA,NULL,English,"The October People"
tt3231734,"Poltergeist Activity",2019,2019-07-01,84,UK,NULL,English,"North Bank Entertainment"
tt3238502,"Ibiza Undead",2017,2017-03-20,95,UK,NULL,English,"Capital City Entertainment"
tt3244786,"La musica del silenzio",2017,2017-09-10,115,Italy,"$ 338778",English,Picomedia
tt3245848,"Aram, Aram",2017,2017-02-15,79,USA,NULL,"English, Armenian","Tilted Windmill Productions"
tt3246874,"Wish Man",2019,2019-01-19,107,USA,NULL,English,"333 Films"
tt3249124,"Hitchhiker Massacre",2017,2017-12-03,82,USA,NULL,English,"Retrofocus Pictures"
tt3255590,"El Camino Christmas",2017,2017-12-08,89,USA,NULL,English,"Goldenlight Films"
tt3256226,IO,2019,2019-01-18,96,USA,NULL,English,"Baked Studios"
tt3257794,"Music Teacher",2019,2019-04-19,101,India,NULL,Hindi,"Saregama India"
tt3259276,"Anabolic Life",2017,2017-12-05,89,USA,NULL,English,"Primitive Mind Productions"
tt3262342,"Loving Vincent",2017,2017-10-13,94,"Poland, UK, USA, Switzerland, Netherlands","$ 42187665",English,"BreakThru Productions"
tt3263306,Base,2017,2017-10-27,83,"UK, Switzerland, Italy, Brazil",NULL,English,"Infinite Wisdom Studios"
tt3263946,"Trial by Fire",2019,2019-05-17,127,USA,"$ 148504",English,"Flashlight Films"
tt3266284,"November Criminals",2017,2017-11-07,107,USA,NULL,"English, Mandarin","Black Bicycle Entertainment"
tt3268340,"Crown Heights",2017,2017-08-18,94,USA,"$ 238558",English,"Iam21 Entertainment"
tt3277446,"As Worlds Collide",2018,2018-05-23,86,USA,NULL,"French, English","1066 Pictures"
tt3278224,"Sueño en otro idioma",2018,2018-04-20,103,"Mexico, Netherlands","$ 64563","Spanish, English","Revolver Amsterdam"
tt3280262,"Cult of Chucky",2017,2017-10-03,91,USA,NULL,English,"Universal 1440 Entertainment"
tt3281920,"Cuando los hijos regresan",2017,2017-12-22,100,Mexico,"$ 2915643",Spanish,"Invicta Films"
tt3282076,Domino,2019,2019-07-11,89,"Denmark, France, Italy, Belgium, Netherlands","$ 303860",English,"Backup Media"
tt3283864,"Some Freaks",2017,2017-08-04,97,"USA, Mexico",NULL,English,"Mountview Creative"
tt3284450,Benzin,2017,2017-05-19,110,Bulgaria,"$ 480188","Bulgarian, English","A.B. Films"
tt3286560,"The Last Face",2017,2017-07-28,130,USA,"$ 1161751",English,"River Road Entertainment"
tt3289080,"Asylum of Fear",2018,2018-01-09,79,USA,NULL,English,"Evil Iguana Productions"
tt3289724,"Welcome to Marwen",2019,2019-01-01,116,"Japan, USA","$ 13061491","English, German, French, Russian","Canadian Film or Video Production Tax Credit (CPTC)"
tt3289804,"The Beautiful Ones",2017,2017-01-01,94,USA,NULL,English,"Beautiful Ones Productions"
tt3289956,"The Autopsy of Jane Doe",2017,2017-03-31,86,UK,"$ 5983416",English,42
tt3291632,"After School Special",2017,2017-06-27,78,USA,NULL,English,"Switzer Entertainment Group"
tt3292080,"The Journey Is the Destination",2017,2017-04-18,123,USA,NULL,English,"Prospero Pictures"
tt3294746,"The Public",2019,2019-07-25,119,USA,"$ 641835",English,"Hammerstone Studios"
tt3296156,"Mientras el Lobo No Está",2017,2017-02-24,123,Mexico,"$ 1791561",Spanish,"Magnifico Entertainment"
tt3296908,HHhH,2017,2017-06-07,120,"USA, France, UK, Belgium, Germany","$ 4412639","English, German, Czech, Latin, French","FilmNation Entertainment"
tt3297382,"Jekyll Island",2017,2017-01-13,84,USA,NULL,English,"Windward Entertainment"
tt3300712,"The UnMiracle",2017,2017-08-01,97,USA,NULL,English,NULL
tt3300980,"Den 12. mann",2017,2017-12-25,135,Norway,"$ 9567121","English, Norwegian, German, Saami","Nordisk Film Production AS"
tt3305176,"The Hollow One",2017,2017-07-01,95,USA,NULL,English,"Compulsion Films"
tt3305308,"Trespass Against Us",2017,2017-03-03,99,UK,"$ 517197",English,"Potboiler Productions"
tt3305388,"Mountain Top",2017,2017-02-10,102,USA,NULL,English,"Level Path Productions"
tt3310896,"The Lotus",2018,2018-03-06,85,USA,NULL,"English, Spanish","40/7 Studios"
tt3311020,"Be Afraid",2017,2017-06-01,99,USA,"$ 161172",English,DarkShed
tt3312180,"The Last Man",2018,2018-09-06,100,"Argentina, Canada","$ 12047",English,"Cinema 7 Films"
tt3313054,Accident,2017,2017-12-01,95,"South Africa, France",NULL,English,"Forefront Media Group"
tt3313182,"White Orchid",2019,2019-07-19,82,USA,NULL,English,"Santana Films"
tt3313314,"Above Ground",2017,2017-08-26,90,USA,NULL,English,Genesius
tt3313324,"Burning Kiss",2019,2019-10-17,81,Australia,NULL,English,NULL
tt3315342,Logan,2017,2017-03-01,137,USA,"$ 619021436","English, Spanish","Twentieth Century Fox"
tt3315656,Split,2017,2017-03-18,127,USA,NULL,English,"Clear Eye Productions"
tt3317158,Slender,2019,2019-11-01,90,USA,NULL,English,"Parking Garage Pictures"
tt3317234,"Game Over, Man!",2018,2018-03-23,101,USA,NULL,English,"Point Grey Pictures"
tt3319730,"The Mercy",2018,2018-02-09,112,UK,"$ 4536348","English, Spanish","Blueprint Pictures"
tt3320500,"The Axe Murders of Villisca",2017,2017-05-05,78,USA,"$ 182467",English,"Ketchum Labs"
tt3321470,Diverge,2018,2018-02-06,85,USA,NULL,English,"Easy Open Productions"
tt3322892,XX,2017,2017-02-17,80,"Canada, USA","$ 55668",English,"Snowfort Pictures"
tt3324852,"District C-11",2017,2017-03-21,83,USA,NULL,NULL,"Camp 9 Films"
tt3325154,"Carving a Life",2017,2017-10-13,83,USA,NULL,English,"Life In Reels Productions"
tt3329456,Heartlock,2019,2019-01-25,96,USA,NULL,English,"Midnight Crew"
tt3330948,"For the Love of George",2018,2018-02-13,89,USA,NULL,English,"Fluffy Cat Productions"
tt3332282,Apocalypse,2017,2017-12-05,103,UK,NULL,English,"Full Motion Entertainment"
tt3332372,Soundtrack,2017,2017-07-06,112,Brazil,NULL,English,"Ananã Produções"
tt3334390,"Sleeping Beauty",2017,2017-07-13,88,USA,NULL,English,"Robert Amstler Productions"
tt3334418,"Living Among Us",2018,2018-02-02,87,USA,NULL,English,"Red Compass Media"
tt3335606,"Berlin Syndrome",2017,2017-06-09,116,Australia,"$ 397783","English, German, Russian","Aquarius Films"
tt3338188,"Jia aur Jia",2017,2017-10-27,93,India,NULL,"Hindi, English","Bohra Bros Productions"
tt3339376,"Chop Shop",2018,2018-09-07,82,USA,NULL,English,"Scotchworthy Productions"
tt3340446,"Storm Boy",2019,2019-01-17,99,Australia,"$ 4252706","English, Aboriginal","Ambience Entertainment"
tt3342332,"No Way to Live",2017,2017-01-01,84,USA,NULL,English,Modernciné
tt3343868,"The Veil",2017,2017-04-15,93,USA,NULL,English,"BRG Films"
tt3344694,"The Secret Scripture",2017,2017-03-24,108,Ireland,"$ 694981",English,"Screen Ireland"
tt3348730,Jigsaw,2017,2017-10-26,92,"USA, Canada","$ 102952888",English,"Twisted Pictures"
tt3349578,"Bad Kids of Crestview Academy",2017,2017-01-13,100,USA,NULL,English,"BKG2H Productions"
tt3350996,VooDoo,2017,2017-02-24,83,USA,NULL,English,"Hypercube Films"
tt3361792,Tolkien,2019,2019-05-03,112,USA,"$ 7776413",English,"Fox Searchlight Pictures"
tt3362238,"Bad Frank",2017,2017-07-03,103,USA,NULL,English,"Vincenzo Productions"
tt3364264,"Public Schooled",2018,2018-04-27,86,"Canada, USA","$ 8090",English,"Motion 58 Entertainment"
tt3370702,"Camp Death III in 2D!",2018,2018-01-01,80,Canada,NULL,English,"Bat Productions"
tt3371366,"Transformers: The Last Knight",2017,2017-06-22,154,"USA, China, Canada","$ 605425157",English,"Paramount Pictures"
tt3373410,"Troy: The Resurrection of Aeneas",2018,2018-05-11,60,USA,NULL,English,"Burnin Rubber Music Publishing / Royal Middleton Publishing"
tt3378384,Tapestry,2019,2019-01-10,98,USA,NULL,English,"Massive Film Project"
tt3385524,"Stan & Ollie",2019,2019-01-11,98,"UK, Canada, USA","$ 24420923",English,"Entertainment One"
tt3387520,"Scary Stories to Tell in the Dark",2019,2019-08-23,108,"USA, Canada","$ 95677760",English,"1212 Entertainment"
tt3396208,"12 Round Gun",2018,2018-11-16,92,USA,NULL,English,"Entelechy Films"
tt3398808,"El club de los buenos infieles",2018,2018-03-29,90,Spain,"$ 60428",Spanish,WKND
tt3399484,"The Sand",2018,2018-05-11,84,USA,NULL,English,"Allegra Pictures"
tt3401174,Revengeance,2019,2019-10-15,75,USA,NULL,English,"Schortcut Films"
tt3401392,"Xian yi ren X de xian shen",2017,2017-03-31,112,"USA, China","$ 59035664",Mandarin,"Beijing Enlight Pictures"
tt3401882,"Fist Fight",2017,2017-03-03,91,USA,"$ 41087017",English,"New Line Cinema"
tt3401962,"Einstein and Einstein",2018,2018-12-07,119,China,"$ 7448509",NULL,"Beijing Standard Image Culture"
tt3402236,"Murder on the Orient Express",2017,2017-11-03,114,"Malta, USA","$ 352789811","English, French, German, Arabic","Twentieth Century Fox"
tt3404246,Nachthelle,2018,2018-12-25,86,Germany,NULL,German,"Almost Famous Film- und Medienproduktion"
tt3405236,Raees,2017,2017-01-25,143,India,"$ 8428190",Hindi,"Excel Entertainment"
tt3407614,"Puriyaadha Pudhir",2017,2017-09-01,140,India,"$ 65796",Tamil,"Rebel Studio"
tt3409848,Zama,2017,2017-09-28,115,"Argentina, Brazil, Spain, Dominican Republic, France, Netherlands, Mexico, Switzerland, USA, Portugal, Lebanon","$ 489692","Spanish, Portuguese","Bananeira Filmes"
tt3411444,Ferdinand,2017,2017-12-09,108,"USA, Spain","$ 296069199","English, Spanish, German","Blue Sky Studios"
tt3411556,"Adios Vaya Con Dios",2018,2018-07-09,97,USA,NULL,"Spanish, English","Ave Fenix Pictures"
tt3412738,Painless,2018,2018-10-02,81,USA,"$ 7082",English,"Blue Bus Productions"
tt3415358,Rabbit,2018,2018-08-30,103,Australia,NULL,NULL,Longshot
tt3415992,"The Time of Their Lives",2017,2017-03-10,104,UK,"$ 1125526",English,"Bright Pictures"
tt3416532,"A Monster Calls",2017,2017-01-01,108,"UK, Spain, USA","$ 47309313",English,Participant
tt3416536,"Hot Summer Nights",2018,2018-07-27,107,USA,"$ 246133",English,"Imperative Entertainment"
tt3418064,"A Place in Hell",2018,2018-04-03,85,USA,NULL,English,"Cufflink Productions"
tt3418424,"One Less God",2018,2018-10-11,128,"Australia, Nepal",NULL,"English, Hindi, French, Turkish","New Realms Films"
tt3421124,"Land of Smiles",2018,2018-01-01,90,"USA, Austria, Thailand",NULL,English,"Stryke-Force Films"
tt3424690,Havenhurst,2017,2017-02-10,85,USA,"$ 289299",English,"Protocol Entertainment"
tt3429340,"Zona Zamfirova-drugi deo",2017,2017-01-24,90,Serbia,"$ 1404",Serbian,"RTV Pink"
tt3430548,Away,2017,2017-05-12,105,UK,NULL,English,"Flare Film"
tt3436572,Grinder,2018,2018-05-11,86,USA,NULL,English,"Ruckus Film Works"
tt3442726,"Acapulco La vida va",2017,2017-01-20,89,Mexico,NULL,Spanish,"Gran Numeronce Producciones"
tt3444008,"Land of the Little People",2017,2017-07-05,83,"Israel, Palestine",NULL,Hebrew,"Fresco Films"
tt3444206,"Before Someone Gets Hurt",2018,2018-07-10,86,USA,NULL,English,NULL
tt3445280,"Investigation 13",2019,2019-09-10,90,USA,NULL,English,"Gorilla Studios Miami"
tt3445702,1/1,2018,2018-07-07,85,USA,NULL,English,"Narrator Entertainment"
tt3446330,Violentia,2018,2018-04-28,85,Canada,NULL,English,"Tabula Dada Productions"
tt3447876,"Deadly Sanctuary",2017,2017-02-17,100,USA,NULL,English,"First In Security Tactics"
tt3449006,"Found Footage 3D",2018,2018-10-26,100,USA,NULL,English,FF3D
tt3449322,"Dirty Lies",2017,2017-06-07,94,USA,NULL,English,"Marshall Law Entertainment"
tt3449588,Abduct,2017,2017-05-28,88,UK,NULL,English,"Abduct Films"
tt3450134,"The Drownsman",2018,2018-01-09,88,Canada,NULL,English,"Black Fawn Films"
tt3450958,"War for the Planet of the Apes",2017,2017-07-11,140,"USA, Canada, New Zealand","$ 490719763","English, American Sign Language","Twentieth Century Fox"
tt3451984,"Another Time",2018,2018-09-14,89,USA,NULL,English,"AfterBurner Entertainment"
tt3453008,"The Garden Left Behind",2019,2019-03-09,88,"USA, Brazil",NULL,"English, Spanish","Autonomous Pictures"
tt3455326,Scareycrows,2017,2017-10-31,73,UK,NULL,English,"Inspired Toad Productions"
tt3457508,"Damascus Cover",2018,2018-08-03,93,UK,"$ 19532","Arabic, German, English","Cover Films"
tt3458254,"Patient Zero",2018,2018-08-14,93,UK,NULL,English,"Screen Gems"
tt3458510,Dude,2018,2018-04-20,97,USA,NULL,English,"June Pictures"
tt3458760,"The Lucky Man",2018,2018-01-16,98,USA,"$ 25015",English,"Lucky Films"
tt3462710,Unforgettable,2017,2017-04-21,100,USA,"$ 17768012","English, French","DiNovi Pictures"
tt3463106,"The Cured",2018,2018-04-20,95,"Ireland, France","$ 323776",English,"Bac Films"
tt3465026,"Palm Swings",2017,2017-10-03,95,USA,NULL,English,"Code Blue Pictures"
tt3466094,Turnover,2019,2019-03-08,123,USA,NULL,English,"Runaway Productions"
tt3467362,Resurrection,2018,2018-03-29,110,Belgium,NULL,Dutch,"Flanders Audiovisual Fund (VAF)"
tt3469046,"Despicable Me 3",2017,2017-06-30,89,USA,"$ 1034799409",English,"Illumination Entertainment"
tt3469798,"Órbita 9",2017,2017-04-07,95,"Spain, Colombia","$ 297682","Spanish, English","Cactus Flower"
tt3470600,Sing,2017,2017-01-27,108,"Japan, USA","$ 634151679","English, Japanese, Ukrainian",Dentsu
tt3479530,Teenkahon,2017,2017-06-11,124,India,NULL,Bengali,"A Little Lamb Films Production"
tt3480662,Flay,2019,2019-04-02,94,USA,NULL,English,"Phame Factory"
tt3481634,Inconceivable,2017,2017-06-30,105,"UK, USA","$ 259635",English,"Baker Entertainment Group"
tt3482000,"A Thousand Junkies",2017,2017-04-22,75,USA,NULL,English,"THI Productions"
tt3486080,"Lancaster Skies",2019,2019-02-27,98,UK,"$ 67522",NULL,"Tin Hat Productions (II)"
tt3486210,Relentless,2018,2018-02-06,95,"USA, El Salvador",NULL,English,Human
tt3486626,"The Nut Job 2: Nutty by Nature",2017,2017-08-11,91,Canada,"$ 65146020",English,"ToonBox Entertainment"
tt3487610,"Malevolence 3: Killer",2018,2018-10-12,89,USA,NULL,English,"Mena Films"
tt3494610,"Boots on the Ground",2017,2017-08-26,86,UK,NULL,NULL,"Last Bullet Films"
tt3496790,"Lez Bomb",2018,2018-11-09,90,USA,NULL,English,"Sprockefeller Pictures"
tt3497596,Zaba,2018,2018-01-01,78,"Bosnia and Herzegovina, Republic of Macedonia, Serbia, Croatia","$ 991",Bosnian,"Refresh Production"
tt3499176,"Your Move",2017,2017-12-01,96,USA,NULL,English,ArtProd
tt3499358,"A Demon Within",2018,2018-01-12,91,USA,NULL,English,"Zoe and Pebbles Productions"
tt3499542,"Black Ruby",2017,2017-07-03,91,USA,NULL,"English, Hebrew","Ave Fenix Pictures"
tt3501112,Security,2017,2017-03-04,88,USA,"$ 776522",English,"Millennium Films"
tt3501632,"Thor: Ragnarok",2017,2017-10-24,130,USA,"$ 853977126",English,"Walt Disney Pictures"
tt3503068,Deadtectives,2019,2019-09-13,92,USA,"$ 94188",English,"Bad Idea"
tt3503460,Embers,2017,2017-01-01,85,"Poland, USA",NULL,English,"Papaya Films"
tt3505898,Strive,2019,2019-05-19,82,USA,NULL,English,"Aletheia Films"
tt3508112,"Asabani nistam!",2018,2018-05-02,110,Iran,NULL,"Persian, Kurdish",NULL
tt3509978,"Furthest Witness",2017,2017-01-01,87,"UK, USA",NULL,English,"Animus Pictures"
tt3510304,"Free in Deed",2017,2017-09-08,100,"New Zealand, USA",NULL,English,"Greyshack Films"
tt3511928,Gholam,2017,2017-05-25,94,"UK, Iran","$ 12378","English, Persian","Aimimage Productions"
tt3513498,"The Lego Movie 2: The Second Part",2019,2019-02-08,107,"Denmark, Norway, Australia, USA","$ 191306508",English,"Warner Bros."
tt3517306,"Welcome to Curiosity",2018,2018-07-11,95,UK,NULL,English,"Shooting Tiger Pictures"
tt3517870,"Mine 9",2019,2019-03-08,83,USA,"$ 226421",English,"Emphatic Films"
tt3517984,"The Ballerina",2017,2017-10-20,106,USA,NULL,English,NULL
tt3520216,"Fair Haven",2017,2017-03-01,90,USA,NULL,English,"Trick Candle Productions"
